gid,role,role_score,cluster_id,priority_score,evidence
100000002398779100,consolidator,0.987953,1,0.752876,Плательщиков — 13; дальше отправлено 6% входа. В выборке получено 1 095 690 ₸.
100000004015047100,consolidator,0.954943,42,0.750366,"Плательщиков — 9; дальше отправлено 7,5% входа. В выборке получено 919 104 ₸."
100000003115284100,consolidator,0.892141,12,0.681863,"Плательщиков — 8; дальше отправлено 23,9% входа. В выборке получено 2 160 500 ₸."
100000006889963100,consolidator,0.758019,11,0.665475,Плательщиков — 4; дальше отправлено 31% входа. В выборке получено 1 431 000 ₸.
100000007055802100,consolidator,0.820247,1,0.660396,"Плательщиков — 6; дальше отправлено 29,9% входа. В выборке получено 2 024 999 ₸."
100000002838861100,consolidator,0.846393,5,0.646004,"Плательщиков — 5; дальше отправлено 1,8% входа. В выборке получено 554 523,95 ₸."
100000005610717100,consolidator,0.710526,1,0.644854,"Плательщиков — 4; дальше отправлено 54,7% входа. В выборке получено 484 500 ₸."
100000005830339100,consolidator,0.70756,3,0.63841,"Плательщиков — 5; дальше отправлено 71,2% входа. В выборке получено 476 341 ₸."
100000008560717100,consolidator,0.900548,11,0.61639,"Плательщиков — 7; дальше отправлено 4,7% входа. В выборке получено 529 000 ₸."
100000007138613100,consolidator,0.754271,1,0.614462,"Плательщиков — 3; дальше отправлено 17,9% входа. В выборке получено 1 002 000 ₸."
100000006274203100,consolidator,0.755786,44,0.607315,"Плательщиков — 2; дальше отправлено 2,1% входа. В выборке получено 3 417 512 ₸."
100000006734214100,consolidator,0.838197,11,0.605095,"Плательщиков — 5; дальше отправлено 5,9% входа. В выборке получено 610 000 ₸."
100000001282143100,consolidator,0.85,25,0.604545,Плательщиков — 5; дальше отправлено 0% входа. В выборке получено 1 700 000 ₸.
100000002849158100,peripheral,0.7,5,0.601567,"Роль не определена: плательщиков — 3, получателей — 1. Выход выше входа; отношение 1,82. Баланс неполон."
100000006225798100,consolidator,0.782715,29,0.598485,"Плательщиков — 3; дальше отправлено 3,6% входа. В выборке получено 722 000 ₸."
100000004759121100,consolidator,0.792113,1,0.595628,"Плательщиков — 6; дальше отправлено 43,9% входа. В выборке получено 710 000 ₸."
100000007629096100,consolidator,0.677659,1,0.595443,"Плательщиков — 4; дальше отправлено 71,2% входа. В выборке получено 1 075 170 ₸."
100000004299488100,consolidator,0.840549,1,0.595254,"Плательщиков — 6; дальше отправлено 19,7% входа. В выборке получено 1 749 000 ₸."
100000008603629100,distributor,0.995648,9,0.59506,"Признаки распределения: получателей — 61; выход 4 986 156 ₸. Выход выше входа; отношение 2,74. Баланс неполон."
100000004486525100,consolidator,0.789805,1,0.59362,"Плательщиков — 8; дальше отправлено 75,1% входа. В выборке получено 360 924 ₸."
100000003834495100,consolidator,0.78336,1,0.592626,"Плательщиков — 3; дальше отправлено 3,3% входа. В выборке получено 602 441 ₸."
100000001330685100,consolidator,0.781749,11,0.590939,"Плательщиков — 3; дальше отправлено 4,1% входа. В выборке получено 2 435 923 ₸."
100000007594394100,peripheral,0.7,44,0.588316,"Роль не определена: плательщиков — 6, получателей — 1. Выход выше входа; отношение 8,54. Баланс неполон."
100000008477350100,distributor,0.985271,1,0.585537,"Признаки распределения: получателей — 39; выход 3 374 866 ₸. Выход выше входа; отношение 5,53. Баланс неполон."
100000004221668100,consolidator,0.690347,42,0.585517,"Плательщиков — 4; дальше отправлено 64,8% входа. В выборке получено 1 128 300 ₸."
100000000331309100,distributor,0.996551,11,0.585403,"Признаки распределения: получателей — 99; выход 23 001 375 ₸. Выход выше входа; отношение 23,36. Баланс неполон."
100000002547110100,consolidator,0.88,5,0.583333,Плательщиков — 6; дальше отправлено 0% входа. В выборке получено 1 500 000 ₸.
100000003035737100,consolidator,0.758382,11,0.581116,"Плательщиков — 2; дальше отправлено 0,8% входа. В выборке получено 809 170 ₸."
100000008165763100,transit,0.868706,3,0.578023,"Признаки транзита: вход 1 165 815 ₸; дальше отправлено 108,8% наблюдаемого входа. Выход выше входа; отношение 1,09. Баланс неполон."
100000007908818100,consolidator,0.736973,3,0.577326,"Плательщиков — 4; дальше отправлено 41,5% входа. В выборке получено 727 475 ₸."
100000002224132100,coordinator,0.74,22,0.572091,"Гипотеза координации: узлов сбора на входе — 2; получателей — 4. Выход выше входа; отношение 3,07. Баланс неполон."
100000001887715100,consolidator,0.677345,47,0.5704,"Плательщиков — 3; дальше отправлено 56,3% входа. В выборке получено 1 331 500 ₸."
100000002741024100,consolidator,0.743643,1,0.570257,"Плательщиков — 5; дальше отправлено 53,2% входа. В выборке получено 817 980,85 ₸."
100000008686313100,consolidator,0.845097,1,0.570138,"Плательщиков — 6; дальше отправлено 17,5% входа. В выборке получено 1 912 716 ₸."
100000008111003100,consolidator,0.84857,1,0.561633,"Плательщиков — 6; дальше отправлено 15,7% входа. В выборке получено 222 716 ₸."
100000000332284100,peripheral,0.7,11,0.561414,"Роль не определена: плательщиков — 10, получателей — 3. Выход выше входа; отношение 2,69. Баланс неполон."
100000000706545100,consolidator,0.775836,17,0.561318,"Плательщиков — 3; дальше отправлено 7,1% входа. В выборке получено 1 070 300 ₸."
100000003171587100,consolidator,0.636771,11,0.560149,"Плательщиков — 2; дальше отправлено 61,6% входа. В выборке получено 700 000 ₸."
100000000661912100,transit,0.811257,9,0.5574,"Признаки транзита: вход 393 036 ₸; дальше отправлено 109,6% наблюдаемого входа. Выход выше входа; отношение 1,1. Баланс неполон."
100000004603109100,consolidator,0.760696,22,0.55654,"Плательщиков — 3; дальше отправлено 14,7% входа. В выборке получено 2 730 000 ₸."
100000002628576100,consolidator,0.611899,11,0.555195,"Плательщиков — 2; дальше отправлено 74,1% входа. В выборке получено 727 882 ₸."
100000003701161100,consolidator,0.774293,30,0.555176,"Плательщиков — 4; дальше отправлено 22,9% входа. В выборке получено 1 527 103 ₸."
100000007998965100,consolidator,0.831295,12,0.553965,"Плательщиков — 5; дальше отправлено 9,4% входа. В выборке получено 278 000 ₸."
100000004071080100,consolidator,0.931023,1,0.551324,"Плательщиков — 9; дальше отправлено 19,5% входа. В выборке получено 238 600 ₸."
100000002605308100,consolidator,0.79,41,0.550755,"Плательщиков — 3; дальше отправлено 0% входа. В выборке получено 2 569 521,84 ₸."
100000004892144100,consolidator,0.751987,22,0.55,Плательщиков — 2; дальше отправлено 4% входа. В выборке получено 4 500 000 ₸.
100000005514161100,consolidator,0.795093,25,0.548002,"Плательщиков — 4; дальше отправлено 12,5% входа. В выборке получено 401 500 ₸."
100000003249054100,consolidator,0.87991,3,0.546821,Плательщиков — 7; дальше отправлено 15% входа. В выборке получено 99 700 ₸.
100000000437046100,distributor,0.990721,1,0.546028,"Признаки распределения: получателей — 42; выход 7 606 224 ₸. Выход выше входа; отношение 6,87. Баланс неполон."
100000002894076100,consolidator,0.82,2,0.543139,Плательщиков — 4; дальше отправлено 0% входа. В выборке получено 1 122 782 ₸.
100000008346837100,distributor,0.86862,13,0.542552,"Признаки распределения: получателей — 25; выход 1 258 643 ₸. Выход выше входа; отношение 4,95. Баланс неполон."
100000002718366100,consolidator,0.88,5,0.541942,Плательщиков — 6; дальше отправлено 0% входа. В выборке получено 2 525 000 ₸.
100000008258083100,consolidator,0.630097,34,0.541507,Плательщиков — 2; дальше отправлено 65% входа. В выборке получено 3 149 500 ₸.
100000001530983100,distributor,0.75542,17,0.531101,"Признаки распределения: получателей — 11; выход 1 829 538 ₸. Выход выше входа; отношение 3,24. Баланс неполон."
100000001875239100,consolidator,0.79,5,0.529992,Плательщиков — 3; дальше отправлено 0% входа. В выборке получено 712 000 ₸.
100000003747133100,transit,0.873175,58,0.529163,"Признаки транзита: вход 237 068 ₸; дальше отправлено 105,5% наблюдаемого входа. Выход выше входа; отношение 1,05. Баланс неполон."
100000008324800100,transit,0.86584,86,0.527582,"Признаки транзита: вход 526 500 ₸; дальше отправлено 97,1% наблюдаемого входа."
100000006518161100,transit,0.920711,17,0.526188,"Признаки транзита: вход 594 200 ₸; дальше отправлено 100,3% наблюдаемого входа. Выход немного выше входа; баланс неполон."
100000001236706100,consolidator,0.739544,13,0.525024,"Плательщиков — 3; дальше отправлено 25,2% входа. В выборке получено 142 700 ₸."
100000003071930100,consolidator,0.787906,5,0.52271,Плательщиков — 3; дальше отправлено 1% входа. В выборке получено 477 610 ₸.
100000004997515100,consolidator,0.792405,5,0.522242,"Плательщиков — 4; дальше отправлено 13,8% входа. В выборке получено 395 000 ₸."
100000004962193100,consolidator,0.94,1,0.521777,Плательщиков — 8; дальше отправлено 0% входа. В выборке получено 900 468 ₸.
100000007442518100,peripheral,0.7,34,0.520961,"Роль не определена: плательщиков — 5, получателей — 9. Выход выше входа; отношение 8,67. Баланс неполон."
100000004479404100,consolidator,0.719786,51,0.519799,"Плательщиков — 2; дальше отправлено 20,1% входа. В выборке получено 1 492 000 ₸."
100000001857829100,distributor,0.803494,9,0.516737,"Признаки распределения: получателей — 16; выход 2 390 993 ₸. Выход выше входа; отношение 2,69. Баланс неполон."
100000005074393100,peripheral,0.7,13,0.516038,"Роль не определена: плательщиков — 4, получателей — 6. Выход выше входа; отношение 1,22. Баланс неполон."
100000005473151100,consolidator,0.753115,19,0.515107,"Плательщиков — 3; дальше отправлено 18,4% входа. В выборке получено 1 220 000 ₸."
100000002369874100,consolidator,0.82,5,0.513853,Плательщиков — 4; дальше отправлено 0% входа. В выборке получено 600 000 ₸.
100000008751429100,consolidator,0.752403,10,0.512159,"Плательщиков — 3; дальше отправлено 18,8% входа. В выборке получено 386 200 ₸."
100000006972210100,consolidator,0.79,5,0.511365,Плательщиков — 3; дальше отправлено 0% входа. В выборке получено 488 775 ₸.
100000007229557100,consolidator,0.79,47,0.510764,Плательщиков — 3; дальше отправлено 0% входа. В выборке получено 878 000 ₸.
100000003157679100,consolidator,0.82,5,0.5087,Плательщиков — 4; дальше отправлено 0% входа. В выборке получено 541 000 ₸.
100000004400305100,distributor,0.995774,1,0.508605,"Признаки распределения: получателей — 82; выход 5 830 181 ₸. Выход выше входа; отношение 26,17. Баланс неполон."
100000000413678100,peripheral,0.7,9,0.508195,"Роль не определена: плательщиков — 2, получателей — 3. Выход выше входа; отношение 1,72. Баланс неполон."
100000003366471100,consolidator,0.747871,9,0.507821,"Плательщиков — 2; дальше отправлено 6,1% входа. В выборке получено 329 789 ₸."
100000001303311100,consolidator,0.85,47,0.507675,Плательщиков — 5; дальше отправлено 0% входа. В выборке получено 1 324 000 ₸.
100000002748532100,peripheral,0.7,47,0.505742,"Роль не определена: плательщиков — 3, получателей — 2. Выход выше входа; отношение 1,82. Баланс неполон."
100000003111305100,consolidator,0.82,42,0.505687,Плательщиков — 4; дальше отправлено 0% входа. В выборке получено 509 338 ₸.
100000002793881100,consolidator,0.79,5,0.505549,Плательщиков — 3; дальше отправлено 0% входа. В выборке получено 785 600 ₸.
100000001611488100,consolidator,0.76,11,0.504332,Плательщиков — 2; дальше отправлено 0% входа. В выборке получено 779 300 ₸.
100000005910114100,distributor,0.82816,1,0.501016,"Признаки распределения: получателей — 19; выход 1 469 993 ₸. Выход выше входа; отношение 4,51. Баланс неполон."
100000005933757100,distributor,0.939316,41,0.500918,"Признаки распределения: получателей — 34; выход 3 002 628 ₸. Выход выше входа; отношение 2,41. Баланс неполон."
100000003741418100,consolidator,0.917439,11,0.499678,"Плательщиков — 9; дальше отправлено 26,3% входа. В выборке получено 151 900 ₸."
100000008144528100,consolidator,0.85,17,0.498733,"Плательщиков — 5; дальше отправлено 0% входа. В выборке получено 1 068 202,6 ₸."
100000004450649100,consolidator,0.711667,11,0.498143,"Плательщиков — 2; дальше отправлено 24,2% входа. В выборке получено 192 528 ₸."
100000001689968100,consolidator,0.79,11,0.494063,"Плательщиков — 3; дальше отправлено 0% входа. В выборке получено 344 333,75 ₸."
100000005778283100,consolidator,0.79,2,0.493708,Плательщиков — 3; дальше отправлено 0% входа. В выборке получено 615 760 ₸.
100000002448088100,peripheral,0.7,33,0.491026,"Роль не определена: плательщиков — 3, получателей — 1. Выход выше входа; отношение 1,25. Баланс неполон."
100000001166289100,consolidator,0.753066,23,0.488103,"Плательщиков — 2; дальше отправлено 3,5% входа. В выборке получено 721 039 ₸."
100000001965374100,peripheral,0.7,22,0.487761,"Роль не определена: плательщиков — 2, получателей — 3. Выход выше входа; отношение 1,75. Баланс неполон."
100000002713074100,consolidator,0.637143,29,0.486667,"Плательщиков — 2; дальше отправлено 61,4% входа. В выборке получено 700 000 ₸."
100000005171642100,transit,0.866584,42,0.486444,"Признаки транзита: вход 696 800 ₸; дальше отправлено 98,1% наблюдаемого входа."
100000003265158100,transit,0.841842,8,0.486332,"Признаки транзита: вход 146 100,4 ₸; дальше отправлено 105,5% наблюдаемого входа. Выход выше входа; отношение 1,06. Баланс неполон."
100000004403675100,peripheral,0.7,50,0.485985,"Роль не определена: плательщиков — 4, получателей — 5. Выход выше входа; отношение 1,45. Баланс неполон."
100000004587414100,consolidator,0.76,11,0.485751,Плательщиков — 2; дальше отправлено 0% входа. В выборке получено 533 603 ₸.
100000004394765100,consolidator,0.762675,17,0.485379,"Плательщиков — 3; дальше отправлено 13,7% входа. В выборке получено 603 844 ₸."
100000006788200100,consolidator,0.772601,42,0.484207,"Плательщиков — 4; дальше отправлено 23,7% входа. В выборке получено 272 155,8 ₸."
100000003528285100,peripheral,0.7,3,0.483949,"Роль не определена: плательщиков — 4, получателей — 4. Выход выше входа; отношение 4,61. Баланс неполон."
100000003004487100,peripheral,0.7,37,0.483832,"Роль не определена: плательщиков — 4, получателей — 2. Выход выше входа; отношение 1,44. Баланс неполон."
100000002870463100,consolidator,0.780338,42,0.483557,"Плательщиков — 3; дальше отправлено 4,8% входа. В выборке получено 207 000 ₸."
100000006165886100,consolidator,0.678691,1,0.482237,"Плательщиков — 2; дальше отправлено 40,7% входа. В выборке получено 184 481 ₸."
100000008730846100,peripheral,0.7,12,0.481872,"Роль не определена: плательщиков — 7, получателей — 3. Выход выше входа; отношение 2,34. Баланс неполон."
100000003159641100,peripheral,0.7,46,0.481624,"Роль не определена: плательщиков — 4, получателей — 1. Выход выше входа; отношение 3,09. Баланс неполон."
100000002459832100,consolidator,0.76,36,0.480901,Плательщиков — 2; дальше отправлено 0% входа. В выборке получено 880 606 ₸.
100000008213966100,peripheral,0.7,16,0.47944,"Роль не определена: плательщиков — 3, получателей — 1. Выход выше входа; отношение 2,34. Баланс неполон."
100000001072022100,consolidator,0.79,3,0.479212,Плательщиков — 3; дальше отправлено 0% входа. В выборке получено 1 684 000 ₸.
100000004135268100,transit,0.635896,59,0.477609,"Признаки транзита: вход 1 239 000 ₸; дальше отправлено 80,7% наблюдаемого входа."
100000005339662100,peripheral,0.7,4,0.477052,"Роль не определена: плательщиков — 4, получателей — 4. Выход выше входа; отношение 1,45. Баланс неполон."
100000002936322100,consolidator,0.76,36,0.475641,Плательщиков — 2; дальше отправлено 0% входа. В выборке получено 787 133 ₸.
100000003404627100,consolidator,0.82,52,0.473844,Плательщиков — 4; дальше отправлено 0% входа. В выборке получено 877 700 ₸.
100000002173161100,consolidator,0.79,17,0.473119,Плательщиков — 3; дальше отправлено 0% входа. В выборке получено 1 427 500 ₸.
100000008512552100,peripheral,0.7,29,0.472257,"Роль не определена: плательщиков — 4, получателей — 6. Выход выше входа; отношение 3,3. Баланс неполон."
100000002762076100,consolidator,0.71725,2,0.472169,"Плательщиков — 2; дальше отправлено 21,4% входа. В выборке получено 140 350 ₸."
100000003390036100,coordinator,0.69,12,0.471299,Гипотеза координации: узлов сбора на входе — 2; получателей — 2.
100000001875167100,terminal,0.8,11,0.470833,Получено 1 000 000 ₸; плательщиков — 1; в выборке исходящих нет.
100000002472632100,consolidator,0.752038,14,0.470239,Плательщиков — 2; дальше отправлено 4% входа. В выборке получено 502 400 ₸.
100000003360542100,consolidator,0.727319,12,0.469617,"Плательщиков — 2; дальше отправлено 16,3% входа. В выборке получено 317 000 ₸."
100000008094734100,consolidator,0.82,1,0.468938,Плательщиков — 4; дальше отправлено 0% входа. В выборке получено 236 249 ₸.
100000000274067100,peripheral,0.7,2,0.468329,"Роль не определена: плательщиков — 2, получателей — 3. Выход выше входа; отношение 5,73. Баланс неполон."
100000001141268100,consolidator,0.755833,47,0.467959,"Плательщиков — 2; дальше отправлено 2,1% входа. В выборке получено 480 000 ₸."
100000005456919100,consolidator,0.757916,10,0.467954,Плательщиков — 2; дальше отправлено 1% входа. В выборке получено 479 950 ₸.
100000001899164100,consolidator,0.767544,8,0.467716,"Плательщиков — 4; дальше отправлено 26,2% входа. В выборке получено 291 675 ₸."
100000001126374100,consolidator,0.788,1,0.467653,Плательщиков — 4; дальше отправлено 16% входа. В выборке получено 182 500 ₸.
100000000913911100,peripheral,0.65,3,0.466587,"Роль не определена: плательщиков — 2, получателей — 1. Выход выше входа; отношение 1,28. Баланс неполон."
100000008723830100,transit,0.879389,17,0.46581,Признаки транзита: вход 459 785 ₸; дальше отправлено 99% наблюдаемого входа.
100000002603769100,consolidator,0.79,1,0.465666,Плательщиков — 3; дальше отправлено 0% входа. В выборке получено 1 185 368 ₸.
100000008739887100,peripheral,0.7,9,0.465598,"Роль не определена: плательщиков — 2, получателей — 2. Выход выше входа; отношение 1,43. Баланс неполон."
100000004186824100,consolidator,0.756901,17,0.464925,"Плательщиков — 2; дальше отправлено 1,5% входа. В выборке получено 451 700 ₸."
100000008343874100,consolidator,0.635571,36,0.463878,"Плательщиков — 2; дальше отправлено 62,2% входа. В выборке получено 283 535 ₸."
100000008546855100,consolidator,0.852141,44,0.462611,"Плательщиков — 6; дальше отправлено 13,9% входа. В выборке получено 71 790 ₸."
100000004156082100,distributor,0.878238,4,0.461932,"Признаки распределения: получателей — 26; выход 2 319 556 ₸. Выход выше входа; отношение 6,15. Баланс неполон."
100000002692750100,consolidator,0.653511,42,0.461823,"Плательщиков — 3; дальше отправлено 68,2% входа. В выборке получено 112 830 ₸."
100000000011452100,consolidator,0.759664,1,0.461066,"Плательщиков — 3; дальше отправлено 15,2% входа. В выборке получено 110 000 ₸."
100000000254336100,consolidator,0.636514,1,0.460879,"Плательщиков — 2; дальше отправлено 61,7% входа. В выборке получено 97 177 ₸."
100000001677929100,peripheral,0.7,2,0.459557,"Роль не определена: плательщиков — 3, получателей — 2. Выход выше входа; отношение 2,26. Баланс неполон."
100000002883402100,consolidator,0.79,5,0.458333,Плательщиков — 3; дальше отправлено 0% входа. В выборке получено 300 000 ₸.
100000002343825100,consolidator,0.738686,5,0.457998,"Плательщиков — 3; дальше отправлено 25,7% входа. В выборке получено 350 000 ₸."
100000002731501100,distributor,0.713329,35,0.457689,"Признаки распределения: получателей — 7; выход 833 960 ₸. Выход выше входа; отношение 1,46. Баланс неполон."
100000008489922100,distributor,0.962271,5,0.457254,"Признаки распределения: получателей — 36; выход 3 789 900 ₸. Выход выше входа; отношение 14,46. Баланс неполон."
100000001222263100,peripheral,0.6,11,0.457215,"Роль не определена: плательщиков — 1, получателей — 1."
100000003068941100,consolidator,0.736809,1,0.45665,"Плательщиков — 3; дальше отправлено 26,6% входа. В выборке получено 94 000 ₸."
100000008736940100,consolidator,0.709262,10,0.455776,"Плательщиков — 3; дальше отправлено 40,4% входа. В выборке получено 451 090 ₸."
100000001330595100,peripheral,0.7,35,0.454642,"Роль не определена: плательщиков — 3, получателей — 1. Выход выше входа; отношение 1,77. Баланс неполон."
100000001534244100,consolidator,0.73541,5,0.454527,"Плательщиков — 2; дальше отправлено 12,3% входа. В выборке получено 366 000 ₸."
100000004889043100,consolidator,0.76,1,0.452966,Плательщиков — 2; дальше отправлено 0% входа. В выборке получено 272 000 ₸.
100000002736316100,consolidator,0.79,1,0.452942,Плательщиков — 3; дальше отправлено 0% входа. В выборке получено 266 921 ₸.
100000004159526100,consolidator,0.770552,41,0.452048,"Плательщиков — 4; дальше отправлено 24,7% входа. В выборке получено 275 037 ₸."
100000005409156100,consolidator,0.76,11,0.450935,Плательщиков — 2; дальше отправлено 0% входа. В выборке получено 260 080 ₸.
100000002645609100,consolidator,0.82,1,0.450901,"Плательщиков — 4; дальше отправлено 0% входа. В выборке получено 546 820,68 ₸."
100000002921047100,consolidator,0.66355,2,0.450668,"Плательщиков — 2; дальше отправлено 48,2% входа. В выборке получено 338 000 ₸."
100000000489417100,transit,0.777436,13,0.450633,"Признаки транзита: вход 73 504 ₸; дальше отправлено 108,8% наблюдаемого входа. Выход выше входа; отношение 1,09. Баланс неполон."
100000002956769100,consolidator,0.79,25,0.450373,Плательщиков — 3; дальше отправлено 0% входа. В выборке получено 840 000 ₸.
100000005546031100,consolidator,0.766048,72,0.448571,Плательщиков — 3; дальше отправлено 12% входа. В выборке получено 66 800 ₸.
100000000534581100,consolidator,0.617041,9,0.448464,"Плательщиков — 2; дальше отправлено 71,5% входа. В выборке получено 55 960 ₸."
100000007544358100,transit,0.767093,17,0.448419,"Признаки транзита: вход 322 500 ₸; дальше отправлено 108,5% наблюдаемого входа. Выход выше входа; отношение 1,09. Баланс неполон."
100000005782781100,peripheral,0.7,2,0.447229,"Роль не определена: плательщиков — 6, получателей — 10. Выход выше входа; отношение 7,35. Баланс неполон."
100000007129492100,consolidator,0.614874,12,0.446842,"Плательщиков — 2; дальше отправлено 72,6% входа. В выборке получено 50 990 ₸."
100000004679953100,consolidator,0.770148,9,0.444973,"Плательщиков — 3; дальше отправлено 9,9% входа. В выборке получено 343 538 ₸."
100000008761219100,peripheral,0.7,61,0.444542,"Роль не определена: плательщиков — 2, получателей — 2. Выход выше входа; отношение 7,5. Баланс неполон."
100000001609499100,consolidator,0.774037,1,0.444071,Плательщиков — 3; дальше отправлено 8% входа. В выборке получено 263 113 ₸.
100000008547948100,distributor,0.883897,5,0.443934,"Признаки распределения: получателей — 26; выход 5 185 600 ₸. Выход выше входа; отношение 24,38. Баланс неполон."
100000003242289100,distributor,0.852805,29,0.442963,"Признаки распределения: получателей — 23; выход 2 377 741 ₸. Выход выше входа; отношение 4,32. Баланс неполон."
100000004386258100,consolidator,0.66034,8,0.442802,"Плательщиков — 3; дальше отправлено 64,8% входа. В выборке получено 61 700 ₸."
100000006069103100,transit,0.670034,6,0.442798,"Признаки транзита: вход 228 818 ₸; дальше отправлено 118% наблюдаемого входа. Выход выше входа; отношение 1,18. Баланс неполон."
100000002773323100,peripheral,0.65,5,0.442611,"Роль не определена: плательщиков — 2, получателей — 1. Выход выше входа; отношение 4,11. Баланс неполон."
100000002957306100,consolidator,0.76,12,0.442035,Плательщиков — 2; дальше отправлено 0% входа. В выборке получено 398 490 ₸.
100000001929088100,consolidator,0.76,2,0.441727,Плательщиков — 2; дальше отправлено 0% входа. В выборке получено 396 010 ₸.
100000008620570100,consolidator,0.716138,9,0.440958,"Плательщиков — 2; дальше отправлено 21,9% входа. В выборке получено 145 000 ₸."
100000003635170100,transit,0.871201,54,0.440482,"Признаки транзита: вход 268 500 ₸; дальше отправлено 94,4% наблюдаемого входа."
100000005857058100,consolidator,0.79,1,0.440152,Плательщиков — 3; дальше отправлено 0% входа. В выборке получено 80 222 ₸.
100000005519998100,transit,0.890549,63,0.439288,"Признаки транзита: вход 182 000 ₸; дальше отправлено 103,3% наблюдаемого входа. Выход выше входа; отношение 1,03. Баланс неполон."
100000002548759100,consolidator,0.76,5,0.439048,Плательщиков — 2; дальше отправлено 0% входа. В выборке получено 375 000 ₸.
100000008517538100,distributor,0.816019,5,0.438432,"Признаки распределения: получателей — 17; выход 1 439 000 ₸. Выход выше входа; отношение 9,25. Баланс неполон."
100000008731444100,distributor,0.73822,1,0.438024,"Признаки распределения: получателей — 9; выход 879 767,8 ₸. Выход выше входа; отношение 2. Баланс неполон."
100000002121357100,consolidator,0.671477,5,0.437602,"Плательщиков — 2; дальше отправлено 44,3% входа. В выборке получено 255 300 ₸."
100000008038077100,terminal,0.69997,11,0.437485,Получено 499 850 ₸; плательщиков — 1; в выборке исходящих нет.
100000002578405100,distributor,0.998134,23,0.437122,"Признаки распределения: получателей — 116; выход 3 108 352 ₸. Выход выше входа; отношение 2,59. Баланс неполон."
100000003116106100,terminal,0.69881,11,0.436901,Получено 494 050 ₸; плательщиков — 1; в выборке исходящих нет.
100000006443391100,consolidator,0.651617,5,0.435701,"Плательщиков — 3; дальше отправлено 69,2% входа. В выборке получено 86 775,93 ₸."
100000008751380100,consolidator,0.76,5,0.435099,Плательщиков — 2; дальше отправлено 0% входа. В выборке получено 345 780 ₸.
100000004692798100,consolidator,0.747516,8,0.434921,"Плательщиков — 2; дальше отправлено 6,2% входа. В выборке получено 240 305 ₸."
100000008011159100,consolidator,0.705682,67,0.434275,"Плательщиков — 3; дальше отправлено 42,2% входа. В выборке получено 363 000 ₸."
100000007593823100,distributor,0.779679,1,0.433904,"Признаки распределения: получателей — 13; выход 162 900 ₸. Выход выше входа; отношение 6,52. Баланс неполон."
100000002267998100,peripheral,0.7,30,0.433156,"Роль не определена: плательщиков — 2, получателей — 3. Выход выше входа; отношение 2,65. Баланс неполон."
100000008223756100,consolidator,0.76,9,0.433095,Плательщиков — 2; дальше отправлено 0% входа. В выборке получено 331 682 ₸.
100000008532050100,terminal,0.691031,11,0.432805,Получено 455 156 ₸; плательщиков — 1; в выборке исходящих нет.
100000002945626100,consolidator,0.79,5,0.432749,Плательщиков — 3; дальше отправлено 0% входа. В выборке получено 584 000 ₸.
100000003134934100,consolidator,0.82,1,0.432709,Плательщиков — 4; дальше отправлено 0% входа. В выборке получено 379 354 ₸.
100000001346560100,peripheral,0.65,3,0.432255,"Роль не определена: плательщиков — 2, получателей — 1. Выход выше входа; отношение 2,22. Баланс неполон."
100000004114962100,consolidator,0.76,11,0.432124,Плательщиков — 2; дальше отправлено 0% входа. В выборке получено 165 000 ₸.
100000002939838100,consolidator,0.79,17,0.43165,Плательщиков — 3; дальше отправлено 0% входа. В выборке получено 571 233 ₸.
100000003899899100,consolidator,0.750847,17,0.430821,"Плательщиков — 2; дальше отправлено 4,6% входа. В выборке получено 218 500 ₸."
100000002443664100,consolidator,0.79,25,0.430382,Плательщиков — 3; дальше отправлено 0% входа. В выборке получено 556 880 ₸.
100000008490127100,distributor,0.689057,11,0.430176,"Признаки распределения: получателей — 6; выход 923 000 ₸. Выход выше входа; отношение 2,14. Баланс неполон."
100000003105929100,peripheral,0.6,11,0.429923,"Роль не определена: плательщиков — 1, получателей — 1."
100000005140601100,peripheral,0.7,9,0.429884,"Роль не определена: плательщиков — 3, получателей — 2. Выход выше входа; отношение 3,71. Баланс неполон."
100000008733194100,consolidator,0.692968,13,0.429612,"Плательщиков — 4; дальше отправлено 63,5% входа. В выборке получено 251 424 ₸."
100000003964910100,consolidator,0.76,29,0.428333,Плательщиков — 2; дальше отправлено 0% входа. В выборке получено 1 000 000 ₸.
100000007382543100,peripheral,0.7,16,0.427961,"Роль не определена: плательщиков — 3, получателей — 5. Выход выше входа; отношение 1,96. Баланс неполон."
100000003097324100,consolidator,0.76,47,0.427389,Плательщиков — 2; дальше отправлено 0% входа. В выборке получено 294 000 ₸.
100000006530134100,consolidator,0.76,11,0.42738,Плательщиков — 2; дальше отправлено 0% входа. В выборке получено 144 663 ₸.
100000001363952100,consolidator,0.667452,9,0.426457,"Плательщиков — 2; дальше отправлено 46,3% входа. В выборке получено 196 655 ₸."
100000001009583100,terminal,0.678748,11,0.425611,Получено 393 740 ₸; плательщиков — 1; в выборке исходящих нет.
100000001884825100,consolidator,0.79,5,0.424497,Плательщиков — 3; дальше отправлено 0% входа. В выборке получено 495 000 ₸.
100000001411870100,consolidator,0.76,42,0.423571,Плательщиков — 2; дальше отправлено 0% входа. В выборке получено 900 000 ₸.
100000000291906100,transit,0.647678,7,0.423183,"Признаки транзита: вход 388 000 ₸; дальше отправлено 117,5% наблюдаемого входа. Выход выше входа; отношение 1,17. Баланс неполон."
100000001066017100,consolidator,0.638786,1,0.42312,"Плательщиков — 2; дальше отправлено 60,6% входа. В выборке получено 136 123 ₸."
100000004500444100,consolidator,0.677778,41,0.422941,"Плательщиков — 2; дальше отправлено 41,1% входа. В выборке получено 180 000 ₸."
100000002822472100,consolidator,0.76,25,0.422908,Плательщиков — 2; дальше отправлено 0% входа. В выборке получено 266 722 ₸.
100000001053894100,peripheral,0.55,31,0.422875,Граница 4-го колена: вход 2 000 000 ₸; дальнейшие переводы неизвестны.
100000007639767100,distributor,0.71532,1,0.421959,"Признаки распределения: получателей — 10; выход 822 244 ₸. Выход выше входа; отношение 9,04. Баланс неполон."
100000008461532100,distributor,0.71862,15,0.42182,"Признаки распределения: получателей — 8; выход 2 530 090 ₸. Выход выше входа; отношение 4,48. Баланс неполон."
100000001384826100,peripheral,0.6,11,0.421794,"Роль не определена: плательщиков — 1, получателей — 1."
100000001253557100,consolidator,0.85,5,0.421695,Плательщиков — 5; дальше отправлено 0% входа. В выборке получено 210 200 ₸.
100000008692291100,transit,0.9025,5,0.421422,"Признаки транзита: вход 160 000 ₸; дальше отправлено 97,5% наблюдаемого входа."
100000004917367100,consolidator,0.76,11,0.42121,Плательщиков — 2; дальше отправлено 0% входа. В выборке получено 120 000 ₸.
100000008175078100,peripheral,0.55,21,0.420654,Граница 4-го колена: вход 1 846 711 ₸; дальнейшие переводы неизвестны.
100000002958343100,peripheral,0.65,2,0.420588,"Роль не определена: плательщиков — 1, получателей — 2."
100000005704413100,distributor,0.933632,19,0.420308,"Признаки распределения: получателей — 32; выход 1 363 593 ₸. Выход выше входа; отношение 13,94. Баланс неполон."
100000008295429100,terminal,0.6704,11,0.420129,Получено 352 000 ₸; плательщиков — 1; в выборке исходящих нет.
100000004180097100,consolidator,0.698826,1,0.41951,"Плательщиков — 3; дальше отправлено 45,6% входа. В выборке получено 104 854 ₸."
100000002217161100,distributor,0.684681,39,0.418382,"Признаки распределения: получателей — 7; выход 995 132 ₸. Выход выше входа; отношение 2,46. Баланс неполон."
100000006111439100,transit,0.704878,11,0.41832,"Признаки транзита: вход 20 570 ₸; дальше отправлено 116,7% наблюдаемого входа. Выход выше входа; отношение 1,17. Баланс неполон."
100000004948177100,consolidator,0.79,17,0.418295,Плательщиков — 3; дальше отправлено 0% входа. В выборке получено 437 163 ₸.
100000000594783100,peripheral,0.65,22,0.418102,"Роль не определена: плательщиков — 1, получателей — 2."
100000002632742100,consolidator,0.76,5,0.417371,Плательщиков — 2; дальше отправлено 0% входа. В выборке получено 235 500 ₸.
100000008722417100,peripheral,0.7,11,0.417293,"Роль не определена: плательщиков — 1, получателей — 3. Выход выше входа; отношение 2,17. Баланс неполон."
100000000552584100,peripheral,0.6,22,0.416667,"Роль не определена: плательщиков — 1, получателей — 1."
100000003457710100,peripheral,0.6,11,0.416516,"Роль не определена: плательщиков — 1, получателей — 1. Выход выше входа; отношение 4. Баланс неполон."
100000002781227100,transit,0.758243,60,0.41629,"Признаки транзита: вход 191 167,62 ₸; дальше отправлено 111,1% наблюдаемого входа. Выход выше входа; отношение 1,11. Баланс неполон."
100000002991079100,consolidator,0.745225,17,0.415893,"Плательщиков — 2; дальше отправлено 7,4% входа. В выборке получено 148 900 ₸."
100000004336312100,transit,0.630276,63,0.415726,"Признаки транзита: вход 90 415 ₸; дальше отправлено 80,4% наблюдаемого входа."
100000003037476100,peripheral,0.65,5,0.415265,Граница 4-го колена: вход 555 000 ₸; дальнейшие переводы неизвестны.
100000004070318100,distributor,0.829621,1,0.414694,"Признаки распределения: получателей — 19; выход 551 860 ₸. Выход выше входа; отношение 2,66. Баланс неполон."
100000004330371100,consolidator,0.691347,17,0.414314,"Плательщиков — 2; дальше отправлено 34,3% входа. В выборке получено 264 171 ₸."
100000002733905100,peripheral,0.7,23,0.414293,"Роль не определена: плательщиков — 3, получателей — 2. Выход выше входа; отношение 7,18. Баланс неполон."
100000001584286100,consolidator,0.76,25,0.41427,Плательщиков — 2; дальше отправлено 0% входа. В выборке получено 738 699 ₸.
100000008304139100,distributor,0.86348,3,0.41375,"Признаки распределения: получателей — 24; выход 1 692 997 ₸. Выход выше входа; отношение 8,94. Баланс неполон."
100000005530114100,consolidator,0.723496,29,0.413007,"Плательщиков — 2; дальше отправлено 18,3% входа. В выборке получено 136 970 ₸."
100000002559089100,consolidator,0.76,25,0.412695,Плательщиков — 2; дальше отправлено 0% входа. В выборке получено 715 000 ₸.
100000005882013100,consolidator,0.745185,13,0.41252,"Плательщиков — 2; дальше отправлено 7,4% входа. В выборке получено 135 000 ₸."
100000002356167100,peripheral,0.65,11,0.4125,"Роль не определена: плательщиков — 1, получателей — 2."
100000002556775100,terminal,0.66,11,0.4125,Получено 300 000 ₸; плательщиков — 1; в выборке исходящих нет.
100000002941114100,consolidator,0.736656,12,0.410894,"Плательщиков — 2; дальше отправлено 11,7% входа. В выборке получено 128 510 ₸."
100000000673868100,distributor,0.693783,34,0.410484,Признаки распределения: получателей — 5; выход 383 000 ₸.
100000005820746100,peripheral,0.6,22,0.409823,"Роль не определена: плательщиков — 1, получателей — 1."
100000003220685100,peripheral,0.55,11,0.40981,Граница 4-го колена: вход 1 306 000 ₸; дальнейшие переводы неизвестны.
100000003158727100,consolidator,0.79,2,0.409785,Плательщиков — 3; дальше отправлено 0% входа. В выборке получено 367 940 ₸.
100000002241986100,distributor,0.665757,31,0.409295,"Признаки распределения: получателей — 6; выход 3 077 000 ₸. Выход выше входа; отношение 10,99. Баланс неполон."
100000005048668100,distributor,0.720437,9,0.408734,"Признаки распределения: получателей — 8; выход 159 400 ₸. Выход выше входа; отношение 9,56. Баланс неполон."
100000002697752100,consolidator,0.76,9,0.40857,Плательщиков — 2; дальше отправлено 0% входа. В выборке получено 190 785 ₸.
100000004217419100,consolidator,0.746971,9,0.40824,"Плательщиков — 2; дальше отправлено 6,5% входа. В выборке получено 118 200 ₸."
100000001927599100,consolidator,0.76,19,0.407984,Плательщиков — 2; дальше отправлено 0% входа. В выборке получено 188 000 ₸.
100000001463701100,consolidator,0.76,12,0.405794,Плательщиков — 2; дальше отправлено 0% входа. В выборке получено 621 000 ₸.
100000001526235100,distributor,0.681381,14,0.405592,"Признаки распределения: получателей — 8; выход 432 750 ₸. Выход выше входа; отношение 5,28. Баланс неполон."
100000008587459100,peripheral,0.7,1,0.405302,"Роль не определена: плательщиков — 2, получателей — 2. Выход выше входа; отношение 3,78. Баланс неполон."
100000000490383100,distributor,0.674512,17,0.404246,"Признаки распределения: получателей — 8; выход 461 375 ₸. Выход выше входа; отношение 7,37. Баланс неполон."
100000001714413100,terminal,0.650034,11,0.404197,Получено 250 172 ₸; плательщиков — 1; в выборке исходящих нет.
100000003616818100,peripheral,0.7,35,0.404129,"Роль не определена: плательщиков — 3, получателей — 3. Выход выше входа; отношение 3,08. Баланс неполон."
100000003718221100,peripheral,0.7,30,0.40387,"Роль не определена: плательщиков — 2, получателей — 4. Выход выше входа; отношение 1,21. Баланс неполон."
100000007777377100,peripheral,0.65,17,0.403763,"Роль не определена: плательщиков — 1, получателей — 2."
100000002645993100,distributor,0.673112,1,0.403593,"Признаки распределения: получателей — 5; выход 86 980 ₸. Выход выше входа; отношение 1,75. Баланс неполон."
100000003149149100,terminal,0.649,11,0.403272,Получено 245 000 ₸; плательщиков — 1; в выборке исходящих нет.
100000004017410100,distributor,0.632991,63,0.40309,"Признаки распределения: получателей — 5; выход 1 330 915 ₸. Выход выше входа; отношение 6,87. Баланс неполон."
100000007617808100,terminal,0.69,17,0.40307,Получено 450 000 ₸; плательщиков — 1; в выборке исходящих нет.
100000006755850100,terminal,0.688695,11,0.402342,"Получено 443 475,8 ₸; плательщиков — 1; в выборке исходящих нет."
100000005182219100,consolidator,0.76,11,0.40232,Плательщиков — 2; дальше отправлено 0% входа. В выборке получено 55 000 ₸.
100000002480800100,consolidator,0.76,3,0.401477,Плательщиков — 2; дальше отправлено 0% входа. В выборке получено 569 251 ₸.
100000002594214100,peripheral,0.55,31,0.400208,Граница 4-го колена: вход 1 000 000 ₸; дальнейшие переводы неизвестны.
100000005198906100,peripheral,0.6,11,0.400132,"Роль не определена: плательщиков — 1, получателей — 1."
100000001924185100,consolidator,0.76,12,0.399724,Плательщиков — 2; дальше отправлено 0% входа. В выборке получено 151 000 ₸.
100000005527892100,distributor,0.739763,36,0.399603,"Признаки распределения: получателей — 8; выход 552 419 ₸. Выход выше входа; отношение 2,51. Баланс неполон."
100000003509750100,transit,0.869092,42,0.399511,"Признаки транзита: вход 82 290 ₸; дальше отправлено 95,3% наблюдаемого входа."
100000008221543100,consolidator,0.76,29,0.399031,Плательщиков — 2; дальше отправлено 0% входа. В выборке получено 542 000 ₸.
100000004746397100,peripheral,0.6,11,0.398518,"Роль не определена: плательщиков — 1, получателей — 1."
100000003178549100,consolidator,0.688736,29,0.39777,"Плательщиков — 2; дальше отправлено 35,6% входа. В выборке получено 250 000 ₸."
100000008389800100,distributor,0.725714,17,0.39772,"Признаки распределения: получателей — 7; выход 401 620 ₸. Выход выше входа; отношение 2,12. Баланс неполон."
100000008438656100,consolidator,0.7475,3,0.397586,"Плательщиков — 2; дальше отправлено 6,2% входа. В выборке получено 80 000 ₸."
100000004005964100,consolidator,0.642911,35,0.39737,"Плательщиков — 3; дальше отправлено 73,5% входа. В выборке получено 97 900 ₸."
100000005175148100,consolidator,0.722025,4,0.397288,Плательщиков — 2; дальше отправлено 19% входа. В выборке получено 79 000 ₸.
100000003809101100,consolidator,0.693514,12,0.397265,"Плательщиков — 2; дальше отправлено 33,2% входа. В выборке получено 166 050 ₸."
100000003886323100,consolidator,0.740427,17,0.39704,"Плательщиков — 2; дальше отправлено 9,8% входа. В выборке получено 78 168 ₸."
100000008730371100,consolidator,0.76,1,0.396961,Плательщиков — 2; дальше отправлено 0% входа. В выборке получено 520 000 ₸.
100000003031003100,consolidator,0.79,25,0.39681,Плательщиков — 3; дальше отправлено 0% входа. В выборке получено 280 090 ₸.
100000004144536100,consolidator,0.82,35,0.396728,Плательщиков — 4; дальше отправлено 0% входа. В выборке получено 168 000 ₸.
100000002836736100,consolidator,0.76,42,0.395892,Плательщиков — 2; дальше отправлено 0% входа. В выборке получено 509 000 ₸.
100000008472324100,terminal,0.64104,11,0.395696,Получено 205 200 ₸; плательщиков — 1; в выборке исходящих нет.
100000002755292100,terminal,0.64068,11,0.395333,Получено 203 400 ₸; плательщиков — 1; в выборке исходящих нет.
100000004325327100,transit,0.877695,1,0.394813,"Признаки транзита: вход 70 817 ₸; дальше отправлено 98,8% наблюдаемого входа."
100000008568512100,terminal,0.639928,11,0.394569,Получено 199 640 ₸; плательщиков — 1; в выборке исходящих нет.
100000008665380100,consolidator,0.707323,1,0.394284,"Плательщиков — 2; дальше отправлено 26,3% входа. В выборке получено 69 100 ₸."
100000004847758100,distributor,0.799601,3,0.393546,"Признаки распределения: получателей — 15; выход 488 800 ₸. Выход выше входа; отношение 4,24. Баланс неполон."
100000007864477100,distributor,0.717373,1,0.393536,"Признаки распределения: получателей — 6; выход 203 500 ₸. Выход выше входа; отношение 2,68. Баланс неполон."
100000003171006100,consolidator,0.76,5,0.393477,Плательщиков — 2; дальше отправлено 0% входа. В выборке получено 485 000 ₸.
100000007311010100,consolidator,0.697965,3,0.392846,Плательщиков — 2; дальше отправлено 31% входа. В выборке получено 64 480 ₸.
100000008238112100,terminal,0.638,11,0.392572,Получено 190 000 ₸; плательщиков — 1; в выборке исходящих нет.
100000005053653100,consolidator,0.680727,13,0.392403,"Плательщиков — 2; дальше отправлено 39,6% входа. В выборке получено 63 073 ₸."
100000004677680100,peripheral,0.65,12,0.39238,"Роль не определена: плательщиков — 2, получателей — 1. Выход выше входа; отношение 2,67. Баланс неполон."
100000002156381100,consolidator,0.688525,54,0.391747,"Плательщиков — 2; дальше отправлено 35,7% входа. В выборке получено 61 000 ₸."
100000008708207100,consolidator,0.76,5,0.391373,Плательщиков — 2; дальше отправлено 0% входа. В выборке получено 465 000 ₸.
100000002712416100,consolidator,0.76,25,0.391206,Плательщиков — 2; дальше отправлено 0% входа. В выборке получено 116 800 ₸.
100000003946524100,transit,0.78672,3,0.390948,"Признаки транзита: вход 133 757 ₸; дальше отправлено 108,2% наблюдаемого входа. Выход выше входа; отношение 1,08. Баланс неполон."
100000002704875100,consolidator,0.79,9,0.390752,Плательщиков — 3; дальше отправлено 0% входа. В выборке получено 244 891 ₸.
100000002521039100,terminal,0.669874,1,0.390599,Получено 349 370 ₸; плательщиков — 1; в выборке исходящих нет.
100000000076451100,consolidator,0.657741,4,0.390341,"Плательщиков — 3; дальше отправлено 66,1% входа. В выборке получено 87 707 ₸."
100000004707703100,distributor,0.676798,17,0.390088,Признаки распределения: получателей — 5; выход 231 650 ₸.
100000002670860100,consolidator,0.76,25,0.389737,Плательщиков — 2; дальше отправлено 0% входа. В выборке получено 450 000 ₸.
100000002901457100,peripheral,0.7,1,0.389286,"Роль не определена: плательщиков — 1, получателей — 3."
100000002681449100,peripheral,0.7,52,0.388602,"Роль не определена: плательщиков — 2, получателей — 2. Выход выше входа; отношение 1,41. Баланс неполон."
100000000791285100,peripheral,0.7,15,0.388272,"Роль не определена: плательщиков — 1, получателей — 3."
100000000607941100,peripheral,0.65,17,0.388182,"Роль не определена: плательщиков — 2, получателей — 1. Выход выше входа; отношение 1,4. Баланс неполон."
100000004315838100,consolidator,0.688,3,0.388182,Плательщиков — 2; дальше отправлено 36% входа. В выборке получено 50 000 ₸.
100000005584222100,consolidator,0.647309,1,0.388147,"Плательщиков — 2; дальше отправлено 56,3% входа. В выборке получено 192 717 ₸."
100000004737477100,transit,0.619848,1,0.388049,"Признаки транзита: вход 49 598 ₸; дальше отправлено 81,7% наблюдаемого входа."
100000008743913100,distributor,0.772325,47,0.387771,"Признаки распределения: получателей — 13; выход 1 850 600 ₸. Выход выше входа; отношение 12,4. Баланс неполон."
100000002593344100,consolidator,0.76,5,0.387589,Плательщиков — 2; дальше отправлено 0% входа. В выборке получено 431 000 ₸.
100000002581346100,terminal,0.63328,11,0.38744,Получено 166 400 ₸; плательщиков — 1; в выборке исходящих нет.
100000002872399100,terminal,0.8,2,0.387107,Получено 1 090 000 ₸; плательщиков — 1; в выборке исходящих нет.
100000001227106100,terminal,0.632953,11,0.387071,Получено 164 765 ₸; плательщиков — 1; в выборке исходящих нет.
100000005124479100,consolidator,0.728059,1,0.386856,Плательщиков — 2; дальше отправлено 16% входа. В выборке получено 137 753 ₸.
100000008192264100,transit,0.648749,11,0.386627,"Признаки транзита: вход 162 810 ₸; дальше отправлено 115,4% наблюдаемого входа. Выход выше входа; отношение 1,15. Баланс неполон."
100000004698193100,consolidator,0.725873,42,0.386443,"Плательщиков — 2; дальше отправлено 17,1% входа. В выборке получено 222 700 ₸."
100000001601320100,transit,0.801897,2,0.386007,"Признаки транзита: вход 43 500 ₸; дальше отправлено 106,2% наблюдаемого входа. Выход выше входа; отношение 1,06. Баланс неполон."
100000002842321100,terminal,0.632,11,0.385985,Получено 160 000 ₸; плательщиков — 1; в выборке исходящих нет.
100000008244300100,consolidator,0.85,11,0.385643,Плательщиков — 5; дальше отправлено 0% входа. В выборке получено 65 430 ₸.
100000008172352100,distributor,0.707989,43,0.385259,"Признаки распределения: получателей — 7; выход 289 510 ₸. Выход выше входа; отношение 3,21. Баланс неполон."
100000002126791100,peripheral,0.55,5,0.3852,Граница 4-го колена: вход 1 313 000 ₸; дальнейшие переводы неизвестны.
100000004071070100,consolidator,0.730732,1,0.385157,"Плательщиков — 2; дальше отправлено 14,6% входа. В выборке получено 41 000 ₸."
100000008710791100,distributor,0.862417,5,0.384989,"Признаки распределения: получателей — 23; выход 5 521 511 ₸. Выход выше входа; отношение 30,42. Баланс неполон."
100000005665181100,distributor,0.753467,11,0.384884,Признаки распределения: получателей — 11; выход 181 915 ₸. Выход выше входа; отношение 4. Баланс неполон.
100000008547844100,distributor,0.831595,5,0.38469,"Признаки распределения: получателей — 19; выход 2 042 199 ₸. Выход выше входа; отношение 11,5. Баланс неполон."
100000002957787100,distributor,0.943215,1,0.384314,"Признаки распределения: получателей — 34; выход 1 276 153,96 ₸. Выход выше входа; отношение 15,02. Баланс неполон."
100000004662806100,consolidator,0.647601,8,0.384281,"Плательщиков — 2; дальше отправлено 56,2% входа. В выборке получено 106 585 ₸."
100000005612411100,distributor,0.727626,3,0.384113,"Признаки распределения: получателей — 8; выход 506 997 ₸. Выход выше входа; отношение 4,39. Баланс неполон."
100000005242320100,distributor,0.848548,25,0.383962,"Признаки распределения: получателей — 21; выход 8 936 295 ₸. Выход выше входа; отношение 24,44. Баланс неполон."
100000001046626100,terminal,0.63,11,0.383654,Получено 150 000 ₸; плательщиков — 1; в выборке исходящих нет.
100000002459240100,terminal,0.63,11,0.383654,Получено 150 000 ₸; плательщиков — 1; в выборке исходящих нет.
100000003486970100,terminal,0.63,11,0.383654,Получено 150 000 ₸; плательщиков — 1; в выборке исходящих нет.
100000008106997100,consolidator,0.64427,1,0.383294,"Плательщиков — 2; дальше отправлено 57,9% входа. В выборке получено 35 600 ₸."
100000008223661100,distributor,0.676861,5,0.38287,"Признаки распределения: получателей — 5; выход 262 580 ₸. Выход выше входа; отношение 1,3. Баланс неполон."
100000006579678100,distributor,0.680826,17,0.382772,"Признаки распределения: получателей — 6; выход 1 668 800 ₸. Выход выше входа; отношение 8,65. Баланс неполон."
100000005505655100,consolidator,0.639044,14,0.382407,"Плательщиков — 2; дальше отправлено 60,5% входа. В выборке получено 33 070 ₸."
100000008104567100,consolidator,0.640607,19,0.382348,"Плательщиков — 3; дальше отправлено 74,7% входа. В выборке получено 53 550 ₸."
100000008576243100,consolidator,0.76,1,0.381783,Плательщиков — 2; дальше отправлено 0% входа. В выборке получено 82 920 ₸.
100000001987030100,consolidator,0.636879,4,0.381628,"Плательщиков — 2; дальше отправлено 61,6% входа. В выборке получено 30 864 ₸."
100000004657034100,terminal,0.62825,11,0.381555,Получено 141 250 ₸; плательщиков — 1; в выборке исходящих нет.
100000001252290100,peripheral,0.6,11,0.381495,"Роль не определена: плательщиков — 1, получателей — 1."
100000004077081100,peripheral,0.7,3,0.38125,"Роль не определена: плательщиков — 1, получателей — 4. Выход выше входа; отношение 4,39. Баланс неполон."
100000007322059100,consolidator,0.604828,43,0.380964,"Плательщиков — 2; дальше отправлено 77,6% входа. В выборке получено 29 000 ₸."
100000005413948100,consolidator,0.724558,5,0.380683,"Плательщиков — 2; дальше отправлено 17,7% входа. В выборке получено 28 215 ₸."
100000002481974100,peripheral,0.7,9,0.380473,"Роль не определена: плательщиков — 2, получателей — 2. Выход выше входа; отношение 3,56. Баланс неполон."
100000004351795100,distributor,0.780226,1,0.379791,"Признаки распределения: получателей — 14; выход 1 715 161 ₸. Выход выше входа; отношение 14,49. Баланс неполон."
100000006562026100,consolidator,0.76,84,0.37942,Плательщиков — 2; дальше отправлено 0% входа. В выборке получено 75 000 ₸.
100000004652395100,peripheral,0.65,1,0.379318,Граница 4-го колена: вход 101 528 ₸; дальнейшие переводы неизвестны.
100000008512827100,distributor,0.747054,25,0.379144,"Признаки распределения: получателей — 10; выход 1 944 500 ₸. Выход выше входа; отношение 18,01. Баланс неполон."
100000002433697100,transit,0.649231,11,0.37877,"Признаки транзита: вход 130 000 ₸; дальше отправлено 84,6% наблюдаемого входа."
100000002175422100,distributor,0.700509,37,0.378759,"Признаки распределения: получателей — 6; выход 1 621 188 ₸. Выход выше входа; отношение 23,67. Баланс неполон."
100000006641671100,transit,0.690455,9,0.378429,"Признаки транзита: вход 22 000 ₸; дальше отправлено 113,6% наблюдаемого входа. Выход выше входа; отношение 1,14. Баланс неполон."
100000006492770100,peripheral,0.6,1,0.378294,"Роль не определена: плательщиков — 1, получателей — 1."
100000007267915100,consolidator,0.664762,29,0.378061,"Плательщиков — 2; дальше отправлено 47,6% входа. В выборке получено 21 000 ₸."
100000005507142100,peripheral,0.7,27,0.377512,"Роль не определена: плательщиков — 3, получателей — 3. Выход выше входа; отношение 1,96. Баланс неполон."
100000005432267100,consolidator,0.76,3,0.377353,Плательщиков — 2; дальше отправлено 0% входа. В выборке получено 350 001 ₸.
100000001872484100,peripheral,0.7,40,0.377082,"Роль не определена: плательщиков — 1, получателей — 3."
100000003934614100,consolidator,0.624706,63,0.376576,"Плательщиков — 2; дальше отправлено 67,6% входа. В выборке получено 17 000 ₸."
100000001637376100,peripheral,0.6,11,0.375347,"Роль не определена: плательщиков — 1, получателей — 1. Выход выше входа; отношение 2,01. Баланс неполон."
100000003134474100,terminal,0.6232,11,0.375162,Получено 116 000 ₸; плательщиков — 1; в выборке исходящих нет.
100000004076740100,distributor,0.717035,63,0.37508,"Признаки распределения: получателей — 6; выход 125 000 ₸. Выход выше входа; отношение 1,34. Баланс неполон."
100000006638021100,peripheral,0.6,61,0.374666,Граница 4-го колена: вход 388 500 ₸; дальнейшие переводы неизвестны.
100000001567366100,terminal,0.764814,17,0.374475,Получено 824 070 ₸; плательщиков — 1; в выборке исходящих нет.
100000004664905100,consolidator,0.76,17,0.374376,Плательщиков — 2; дальше отправлено 0% входа. В выборке получено 329 020 ₸.
100000005616568100,peripheral,0.55,11,0.374351,Граница 4-го колена: вход 530 000 ₸; дальнейшие переводы неизвестны.
100000003062895100,consolidator,0.76,5,0.374292,Плательщиков — 2; дальше отправлено 0% входа. В выборке получено 328 444 ₸.
100000003242795100,terminal,0.6222,11,0.373834,Получено 111 000 ₸; плательщиков — 1; в выборке исходящих нет.
100000004399686100,terminal,0.7612,22,0.37343,Получено 806 000 ₸; плательщиков — 1; в выборке исходящих нет.
100000002753146100,terminal,0.760708,25,0.373286,Получено 803 540 ₸; плательщиков — 1; в выборке исходящих нет.
100000002722108100,terminal,0.76,25,0.373077,Получено 800 000 ₸; плательщиков — 1; в выборке исходящих нет.
100000002748761100,terminal,0.75936,25,0.372887,Получено 796 800 ₸; плательщиков — 1; в выборке исходящих нет.
100000007939160100,peripheral,0.65,24,0.37278,"Роль не определена: плательщиков — 1, получателей — 2."
100000003760160100,terminal,0.620894,11,0.372066,Получено 104 470 ₸; плательщиков — 1; в выборке исходящих нет.
100000005893892100,terminal,0.620556,11,0.371602,Получено 102 780 ₸; плательщиков — 1; в выборке исходящих нет.
100000005664922100,peripheral,0.7,22,0.371209,"Роль не определена: плательщиков — 2, получателей — 3. Выход выше входа; отношение 24,41. Баланс неполон."
100000003050771100,terminal,0.6458,13,0.371159,Получено 229 000 ₸; плательщиков — 1; в выборке исходящих нет.
100000003647799100,terminal,0.62,11,0.370833,Получено 100 000 ₸; плательщиков — 1; в выборке исходящих нет.
100000004906181100,distributor,0.665313,21,0.370833,"Признаки распределения: получателей — 7; выход 2 473 417,91 ₸. Выход выше входа; отношение 24,73. Баланс неполон."
100000001697501100,distributor,0.975897,23,0.370735,"Признаки распределения: получателей — 38; выход 1 482 606 ₸. Выход выше входа; отношение 11,99. Баланс неполон."
100000002723538100,distributor,0.774019,9,0.370542,"Признаки распределения: получателей — 12; выход 560 499 ₸. Выход выше входа; отношение 5,31. Баланс неполон."
100000003831324100,consolidator,0.76,2,0.37,Плательщиков — 2; дальше отправлено 0% входа. В выборке получено 300 000 ₸.
100000002618492100,consolidator,0.76,12,0.369451,Плательщиков — 2; дальше отправлено 0% входа. В выборке получено 296 500 ₸.
100000002015633100,terminal,0.618994,11,0.369424,Получено 94 970 ₸; плательщиков — 1; в выборке исходящих нет.
100000001690558100,terminal,0.748,44,0.369355,Получено 740 000 ₸; плательщиков — 1; в выборке исходящих нет.
100000002956898100,consolidator,0.76,4,0.368456,Плательщиков — 2; дальше отправлено 0% входа. В выборке получено 290 240 ₸.
100000002284426100,terminal,0.618,11,0.368008,Получено 90 000 ₸; плательщиков — 1; в выборке исходящих нет.
100000007841978100,peripheral,0.55,11,0.367307,Граница 4-го колена: вход 449 000 ₸; дальнейшие переводы неизвестны.
100000003589877100,distributor,0.704672,5,0.367235,"Признаки распределения: получателей — 6; выход 416 129 ₸. Выход выше входа; отношение 2,36. Баланс неполон."
100000001073568100,peripheral,0.65,41,0.367182,"Роль не определена: плательщиков — 1, получателей — 2."
100000003072205100,peripheral,0.6,5,0.36692,Граница 4-го колена: вход 163 000 ₸; дальнейшие переводы неизвестны.
100000001538095100,consolidator,0.76,25,0.366795,Плательщиков — 2; дальше отправлено 0% входа. В выборке получено 280 000 ₸.
100000004979498100,peripheral,0.6,59,0.366667,"Роль не определена: плательщиков — 1, получателей — 1."
100000002653948100,terminal,0.61704,11,0.366618,Получено 85 200 ₸; плательщиков — 1; в выборке исходящих нет.
100000005942793100,consolidator,0.82,1,0.366248,Плательщиков — 4; дальше отправлено 0% входа. В выборке получено 55 000 ₸.
100000003888197100,terminal,0.616633,11,0.366023,Получено 83 167 ₸; плательщиков — 1; в выборке исходящих нет.
100000008473207100,terminal,0.6404,3,0.365883,Получено 202 000 ₸; плательщиков — 1; в выборке исходящих нет.
100000002469065100,terminal,0.64,17,0.365476,Получено 200 000 ₸; плательщиков — 1; в выборке исходящих нет.
100000008193577100,distributor,0.690894,10,0.365468,"Признаки распределения: получателей — 5; выход 480 180 ₸. Выход выше входа; отношение 3,11. Баланс неполон."
100000008086440100,distributor,0.696983,1,0.365422,Признаки распределения: получателей — 5; выход 161 300 ₸.
100000001110358100,consolidator,0.76,1,0.365363,Плательщиков — 2; дальше отправлено 0% входа. В выборке получено 32 000 ₸.
100000005183943100,terminal,0.73618,24,0.365319,Получено 680 900 ₸; плательщиков — 1; в выборке исходящих нет.
100000001527186100,terminal,0.7356,3,0.36511,Получено 678 000 ₸; плательщиков — 1; в выборке исходящих нет.
100000001380054100,peripheral,0.7,28,0.364805,"Роль не определена: плательщиков — 2, получателей — 3. Выход выше входа; отношение 2,83. Баланс неполон."
100000003985389100,peripheral,0.55,9,0.364754,Граница 4-го колена: вход 422 698 ₸; дальнейшие переводы неизвестны.
100000001222245100,peripheral,0.55,11,0.364484,Граница 4-го колена: вход 420 000 ₸; дальнейшие переводы неизвестны.
100000001074553100,consolidator,0.76,5,0.364287,Плательщиков — 2; дальше отправлено 0% входа. В выборке получено 28 971 ₸.
100000003557488100,peripheral,0.65,37,0.364163,"Роль не определена: плательщиков — 1, получателей — 2."
100000001835625100,terminal,0.615026,11,0.363626,Получено 75 130 ₸; плательщиков — 1; в выборке исходящих нет.
100000007484343100,consolidator,0.76,1,0.363492,Плательщиков — 2; дальше отправлено 0% входа. В выборке получено 26 757 ₸.
100000000267734100,distributor,0.723773,2,0.362305,"Признаки распределения: получателей — 7; выход 282 000 ₸. Выход выше входа; отношение 1,57. Баланс неполон."
100000005783452100,peripheral,0.6,25,0.36226,Граница 4-го колена: вход 286 500 ₸; дальнейшие переводы неизвестны.
100000001714173100,terminal,0.727781,47,0.362196,Получено 638 905 ₸; плательщиков — 1; в выборке исходящих нет.
100000003610172100,terminal,0.614,11,0.362061,Получено 70 000 ₸; плательщиков — 1; в выборке исходящих нет.
100000005287097100,distributor,0.714936,17,0.361837,"Признаки распределения: получателей — 9; выход 697 300 ₸. Выход выше входа; отношение 5,48. Баланс неполон."
100000000629812100,consolidator,0.76,32,0.361762,Плательщиков — 2; дальше отправлено 0% входа. В выборке получено 22 000 ₸.
100000004331458100,consolidator,0.76,72,0.361667,Плательщиков — 2; дальше отправлено 0% входа. В выборке получено 250 000 ₸.
100000008536546100,consolidator,0.76,47,0.361667,Плательщиков — 2; дальше отправлено 0% входа. В выборке получено 250 000 ₸.
100000003025903100,peripheral,0.55,11,0.360971,Граница 4-го колена: вход 386 300 ₸; дальнейшие переводы неизвестны.
100000008748914100,distributor,0.77173,3,0.360826,"Признаки распределения: получателей — 13; выход 4 471 847 ₸. Выход выше входа; отношение 24,84. Баланс неполон."
100000008599354100,peripheral,0.6,1,0.360623,"Роль не определена: плательщиков — 1, получателей — 1."
100000005756189100,peripheral,0.6,11,0.360509,"Роль не определена: плательщиков — 1, получателей — 1."
100000005844459100,consolidator,0.76,1,0.360483,Плательщиков — 2; дальше отправлено 0% входа. В выборке получено 243 400 ₸.
100000001285440100,consolidator,0.76,47,0.36041,Плательщиков — 2; дальше отправлено 0% входа. В выборке получено 243 000 ₸.
100000000288317100,consolidator,0.653,1,0.360334,"Плательщиков — 2; дальше отправлено 53,5% входа. В выборке получено 100 000 ₸."
100000001674850100,consolidator,0.76,5,0.359315,Плательщиков — 2; дальше отправлено 0% входа. В выборке получено 237 000 ₸.
100000003230328100,peripheral,0.65,9,0.359204,Граница 4-го колена: вход 26 572 ₸; дальнейшие переводы неизвестны.
100000005375968100,peripheral,0.65,1,0.359098,"Роль не определена: плательщиков — 1, получателей — 2."
100000002799941100,terminal,0.72,44,0.359091,Получено 600 000 ₸; плательщиков — 1; в выборке исходящих нет.
100000004737764100,terminal,0.72,3,0.359091,Получено 600 000 ₸; плательщиков — 1; в выборке исходящих нет.
100000008497298100,terminal,0.72,5,0.359091,Получено 600 000 ₸; плательщиков — 1; в выборке исходящих нет.
100000002679516100,consolidator,0.79,8,0.358979,Плательщиков — 3; дальше отправлено 0% входа. В выборке получено 102 335 ₸.
100000003164661100,terminal,0.71924,28,0.358776,Получено 596 200 ₸; плательщиков — 1; в выборке исходящих нет.
100000008566737100,consolidator,0.76,1,0.358014,Плательщиков — 2; дальше отправлено 0% входа. В выборке получено 230 000 ₸.
100000008775471100,terminal,0.716,47,0.357407,Получено 580 000 ₸; плательщиков — 1; в выборке исходящих нет.
100000006126743100,terminal,0.611,11,0.35732,Получено 55 000 ₸; плательщиков — 1; в выборке исходящих нет.
100000002807334100,terminal,0.610943,11,0.357227,Получено 54 715 ₸; плательщиков — 1; в выборке исходящих нет.
100000005660203100,peripheral,0.65,17,0.356795,"Роль не определена: плательщиков — 1, получателей — 2."
100000002973903100,consolidator,0.79,8,0.356332,Плательщиков — 3; дальше отправлено 0% входа. В выборке получено 92 880 ₸.
100000004188160100,distributor,0.674647,17,0.356319,"Признаки распределения: получателей — 5; выход 133 846 ₸. Выход выше входа; отношение 1,52. Баланс неполон."
100000002990675100,terminal,0.610229,11,0.356059,Получено 51 143 ₸; плательщиков — 1; в выборке исходящих нет.
100000002567887100,terminal,0.610183,11,0.355984,Получено 50 915 ₸; плательщиков — 1; в выборке исходящих нет.
100000008675322100,peripheral,0.55,21,0.355685,Граница 4-го колена: вход 340 000 ₸; дальнейшие переводы неизвестны.
100000003293377100,terminal,0.61,11,0.355682,Получено 50 000 ₸; плательщиков — 1; в выборке исходящих нет.
100000007281639100,consolidator,0.76,17,0.355485,Плательщиков — 2; дальше отправлено 0% входа. В выборке получено 216 770 ₸.
100000004756901100,terminal,0.63065,17,0.355252,Получено 153 248 ₸; плательщиков — 1; в выборке исходящих нет.
100000001140785100,consolidator,0.76,5,0.35514,Плательщиков — 2; дальше отправлено 0% входа. В выборке получено 215 000 ₸.
100000004105288100,consolidator,0.76,3,0.35514,Плательщиков — 2; дальше отправлено 0% входа. В выборке получено 215 000 ₸.
100000000878006100,terminal,0.609401,11,0.354686,Получено 47 003 ₸; плательщиков — 1; в выборке исходящих нет.
100000001329153100,terminal,0.630137,1,0.35465,Получено 150 687 ₸; плательщиков — 1; в выборке исходящих нет.
100000001445848100,peripheral,0.6,39,0.354398,"Роль не определена: плательщиков — 1, получателей — 1."
100000007865484100,peripheral,0.55,66,0.353713,Граница 4-го колена: вход 584 600 ₸; дальнейшие переводы неизвестны.
100000002975437100,peripheral,0.6,37,0.352913,"Роль не определена: плательщиков — 1, получателей — 1."
100000005317181100,peripheral,0.6,1,0.352388,"Роль не определена: плательщиков — 1, получателей — 1."
100000002983879100,consolidator,0.76,3,0.352153,Плательщиков — 2; дальше отправлено 0% входа. В выборке получено 200 050 ₸.
100000002878467100,consolidator,0.76,5,0.352143,Плательщиков — 2; дальше отправлено 0% входа. В выборке получено 200 000 ₸.
100000002531406100,transit,0.822308,36,0.351961,"Признаки транзита: вход 520 000 ₸; дальше отправлено 96,2% наблюдаемого входа."
100000002193259100,peripheral,0.7,8,0.351813,"Роль не определена: плательщиков — 2, получателей — 3. Выход выше входа; отношение 1,21. Баланс неполон."
100000008747113100,consolidator,0.76,11,0.351693,Плательщиков — 2; дальше отправлено 0% входа. В выборке получено 197 801 ₸.
100000001049200100,consolidator,0.666035,44,0.351438,Плательщиков — 2; дальше отправлено 47% входа. В выборке получено 76 624 ₸.
100000005075949100,peripheral,0.55,58,0.351319,Граница 4-го колена: вход 2 226 000 ₸; дальнейшие переводы неизвестны.
100000004004621100,consolidator,0.79,13,0.351205,Плательщиков — 3; дальше отправлено 0% входа. В выборке получено 75 389 ₸.
100000003221384100,terminal,0.70224,4,0.351108,Получено 511 200 ₸; плательщиков — 1; в выборке исходящих нет.
100000007390016100,peripheral,0.6,86,0.351088,"Роль не определена: плательщиков — 1, получателей — 1."
100000007511163100,peripheral,0.7,17,0.350891,"Роль не определена: плательщиков — 2, получателей — 3. Выход выше входа; отношение 1,29. Баланс неполон."
100000004417753100,consolidator,0.76,3,0.350512,Плательщиков — 2; дальше отправлено 0% входа. В выборке получено 192 099 ₸.
100000002435265100,terminal,0.626526,1,0.350263,Получено 132 628 ₸; плательщиков — 1; в выборке исходящих нет.
100000008579978100,peripheral,0.6,11,0.350234,"Роль не определена: плательщиков — 1, получателей — 1. Выход выше входа; отношение 2,26. Баланс неполон."
100000001904863100,terminal,0.7,41,0.35,Получено 500 000 ₸; плательщиков — 1; в выборке исходящих нет.
100000002109656100,terminal,0.7,25,0.35,Получено 500 000 ₸; плательщиков — 1; в выборке исходящих нет.
100000002459093100,peripheral,0.6,42,0.35,"Роль не определена: плательщиков — 1, получателей — 1."
100000002644285100,terminal,0.7,25,0.35,Получено 500 000 ₸; плательщиков — 1; в выборке исходящих нет.
100000002989353100,peripheral,0.65,25,0.35,"Роль не определена: плательщиков — 1, получателей — 2."
100000003163886100,terminal,0.7,32,0.35,Получено 500 000 ₸; плательщиков — 1; в выборке исходящих нет.
100000006424479100,peripheral,0.65,13,0.35,"Роль не определена: плательщиков — 1, получателей — 2."
100000008388049100,terminal,0.69928,25,0.349639,Получено 496 400 ₸; плательщиков — 1; в выборке исходящих нет.
100000005667841100,consolidator,0.76,5,0.349227,Плательщиков — 2; дальше отправлено 0% входа. В выборке получено 186 000 ₸.
100000002255058100,terminal,0.6983,3,0.349143,Получено 491 500 ₸; плательщиков — 1; в выборке исходящих нет.
100000008188026100,peripheral,0.7,4,0.349059,"Роль не определена: плательщиков — 2, получателей — 4. Выход выше входа; отношение 3,91. Баланс неполон."
100000002963189100,distributor,0.712502,41,0.34899,"Признаки распределения: получателей — 7; выход 5 219 000 ₸. Выход выше входа; отношение 10,65. Баланс неполон."
100000003814002100,terminal,0.606,11,0.348821,Получено 30 000 ₸; плательщиков — 1; в выборке исходящих нет.
100000003034546100,terminal,0.697343,5,0.348654,Получено 486 715 ₸; плательщиков — 1; в выборке исходящих нет.
100000007034089100,peripheral,0.6,5,0.348557,Граница 4-го колена: вход 198 000 ₸; дальнейшие переводы неизвестны.
100000002565277100,terminal,0.696664,3,0.348304,Получено 483 319 ₸; плательщиков — 1; в выборке исходящих нет.
100000008576528100,terminal,0.6056,11,0.348106,Получено 28 000 ₸; плательщиков — 1; в выборке исходящих нет.
100000002670960100,terminal,0.696062,25,0.347991,Получено 480 310 ₸; плательщиков — 1; в выборке исходящих нет.
100000008556318100,consolidator,0.76,3,0.34797,Плательщиков — 2; дальше отправлено 0% входа. В выборке получено 180 132 ₸.
100000008722541100,peripheral,0.55,11,0.347901,Граница 4-го колена: вход 280 000 ₸; дальнейшие переводы неизвестны.
100000002293421100,transit,0.690488,1,0.34781,"Признаки транзита: вход 41 000 ₸; дальше отправлено 114,6% наблюдаемого входа. Выход выше входа; отношение 1,15. Баланс неполон."
100000004569484100,peripheral,0.7,19,0.347673,"Роль не определена: плательщиков — 2, получателей — 4. Выход выше входа; отношение 1,59. Баланс неполон."
100000002815005100,terminal,0.6953,5,0.347593,Получено 476 500 ₸; плательщиков — 1; в выборке исходящих нет.
100000000667713100,consolidator,0.627382,17,0.347506,"Плательщиков — 2; дальше отправлено 66,3% входа. В выборке получено 119 495 ₸."
100000008200810100,terminal,0.695,25,0.347436,Получено 475 000 ₸; плательщиков — 1; в выборке исходящих нет.
100000007181706100,consolidator,0.76,3,0.347131,Плательщиков — 2; дальше отправлено 0% входа. В выборке получено 176 272 ₸.
100000004278574100,peripheral,0.6,11,0.347024,"Роль не определена: плательщиков — 1, получателей — 1."
100000007863304100,terminal,0.605,11,0.347024,Получено 25 000 ₸; плательщиков — 1; в выборке исходящих нет.
100000001934935100,terminal,0.623787,1,0.346765,Получено 118 935 ₸; плательщиков — 1; в выборке исходящих нет.
100000004097972100,peripheral,0.65,1,0.346751,"Роль не определена: плательщиков — 1, получателей — 2."
100000008517061100,peripheral,0.55,41,0.346237,Граница 4-го колена: вход 1 844 000 ₸; дальнейшие переводы неизвестны.
100000003031761100,terminal,0.692082,36,0.345878,Получено 460 408 ₸; плательщиков — 1; в выборке исходящих нет.
100000008469048100,peripheral,0.55,1,0.345793,Граница 4-го колена: вход 265 200 ₸; дальнейшие переводы неизвестны.
100000008468762100,consolidator,0.76,47,0.345746,Плательщиков — 2; дальше отправлено 0% входа. В выборке получено 170 000 ₸.
100000008356606100,consolidator,0.76,13,0.345411,Плательщиков — 2; дальше отправлено 0% входа. В выборке получено 168 500 ₸.
100000004689658100,peripheral,0.6,9,0.345408,"Роль не определена: плательщиков — 1, получателей — 1."
100000005614315100,terminal,0.691,17,0.345288,Получено 455 000 ₸; плательщиков — 1; в выборке исходящих нет.
100000002570206100,consolidator,0.76,29,0.345066,"Плательщиков — 2; дальше отправлено 0% входа. В выборке получено 166 959,6 ₸."
100000003199390100,peripheral,0.55,11,0.345033,Граница 4-го колена: вход 260 000 ₸; дальнейшие переводы неизвестны.
100000002681544100,consolidator,0.76,2,0.344866,Плательщиков — 2; дальше отправлено 0% входа. В выборке получено 166 072 ₸.
100000006704530100,transit,0.835083,15,0.344792,Признаки транзита: вход 450 500 ₸; дальше отправлено 95% наблюдаемого входа.
100000003122817100,terminal,0.688936,15,0.344144,Получено 444 680 ₸; плательщиков — 1; в выборке исходящих нет.
100000007242833100,peripheral,0.6,8,0.343724,"Роль не определена: плательщиков — 1, получателей — 1."
100000008555233100,terminal,0.68812,47,0.343685,Получено 440 600 ₸; плательщиков — 1; в выборке исходящих нет.
100000007597382100,terminal,0.60314,11,0.343589,Получено 15 700 ₸; плательщиков — 1; в выборке исходящих нет.
100000000838385100,peripheral,0.65,16,0.343265,"Роль не определена: плательщиков — 1, получателей — 2."
100000004160650100,distributor,0.732282,35,0.342476,"Признаки распределения: получателей — 10; выход 1 489 827 ₸. Выход выше входа; отношение 19,84. Баланс неполон."
100000007357489100,peripheral,0.6,5,0.342418,Граница 4-го колена: вход 164 500 ₸; дальнейшие переводы неизвестны.
100000004666651100,terminal,0.68585,75,0.342386,Получено 429 250 ₸; плательщиков — 1; в выборке исходящих нет.
100000008137435100,distributor,0.713766,30,0.34224,"Признаки распределения: получателей — 6; выход 1 419 700 ₸. Выход выше входа; отношение 15,12. Баланс неполон."
100000008758168100,distributor,0.695883,47,0.342019,"Признаки распределения: получателей — 5; выход 1 533 600 ₸. Выход выше входа; отношение 20,34. Баланс неполон."
100000004398811100,peripheral,0.7,3,0.342009,"Роль не определена: плательщиков — 1, получателей — 3. Выход выше входа; отношение 2,44. Баланс неполон."
100000003286537100,consolidator,0.76,5,0.341861,Плательщиков — 2; дальше отправлено 0% входа. В выборке получено 153 000 ₸.
100000005578559100,distributor,0.847195,19,0.341674,"Признаки распределения: получателей — 21; выход 893 163,67 ₸. Выход выше входа; отношение 6,82. Баланс неполон."
100000003112436100,terminal,0.62,17,0.341667,Получено 100 000 ₸; плательщиков — 1; в выборке исходящих нет.
100000001633685100,consolidator,0.79,1,0.341514,Плательщиков — 3; дальше отправлено 0% входа. В выборке получено 45 000 ₸.
100000001131403100,peripheral,0.55,45,0.341437,Граница 4-го колена: вход 1 570 000 ₸; дальнейшие переводы неизвестны.
100000001985793100,terminal,0.684,42,0.341304,Получено 420 000 ₸; плательщиков — 1; в выборке исходящих нет.
100000008376785100,peripheral,0.55,11,0.341111,Граница 4-го колена: вход 234 250 ₸; дальнейшие переводы неизвестны.
100000003104347100,peripheral,0.6,30,0.341068,"Роль не определена: плательщиков — 1, получателей — 1."
100000003031633100,terminal,0.6828,5,0.340591,Получено 414 000 ₸; плательщиков — 1; в выборке исходящих нет.
100000006977207100,distributor,0.798282,36,0.340591,"Признаки распределения: получателей — 15; выход 4 157 018 ₸. Выход выше входа; отношение 10,04. Баланс неполон."
100000001660397100,transit,0.912654,1,0.340487,"Признаки транзита: вход 48 600 ₸; дальше отправлено 100,8% наблюдаемого входа. Выход выше входа; отношение 1,01. Баланс неполон."
100000002529880100,consolidator,0.76,5,0.34044,Плательщиков — 2; дальше отправлено 0% входа. В выборке получено 147 000 ₸.
100000002956779100,terminal,0.6822,3,0.340231,Получено 411 000 ₸; плательщиков — 1; в выборке исходящих нет.
100000003131016100,peripheral,0.6,9,0.339588,"Роль не определена: плательщиков — 1, получателей — 1."
100000003988112100,peripheral,0.6,50,0.339414,"Роль не определена: плательщиков — 1, получателей — 1."
100000000821507100,terminal,0.68,34,0.338889,Получено 400 000 ₸; плательщиков — 1; в выборке исходящих нет.
100000002188829100,terminal,0.68,3,0.338889,Получено 400 000 ₸; плательщиков — 1; в выборке исходящих нет.
100000003795588100,terminal,0.68,1,0.338889,Получено 400 000 ₸; плательщиков — 1; в выборке исходящих нет.
100000008551752100,peripheral,0.55,66,0.338264,Граница 4-го колена: вход 406 000 ₸; дальнейшие переводы неизвестны.
100000008422226100,terminal,0.61749,1,0.338106,Получено 87 450 ₸; плательщиков — 1; в выборке исходящих нет.
100000001680944100,terminal,0.6786,47,0.338018,Получено 393 000 ₸; плательщиков — 1; в выборке исходящих нет.
100000007647294100,terminal,0.677,39,0.337006,Получено 385 000 ₸; плательщиков — 1; в выборке исходящих нет.
100000004368189100,peripheral,0.65,25,0.336955,"Роль не определена: плательщиков — 1, получателей — 2."
100000004905207100,terminal,0.676,41,0.336364,Получено 380 000 ₸; плательщиков — 1; в выборке исходящих нет.
100000008514970100,peripheral,0.6,36,0.336359,"Роль не определена: плательщиков — 1, получателей — 1."
100000007507343100,terminal,0.674,59,0.335057,Получено 370 000 ₸; плательщиков — 1; в выборке исходящих нет.
100000000646541100,consolidator,0.79,1,0.334633,Плательщиков — 3; дальше отправлено 0% входа. В выборке получено 25 300 ₸.
100000003582677100,peripheral,0.7,3,0.334108,"Роль не определена: плательщиков — 2, получателей — 4. Выход выше входа; отношение 1,88. Баланс неполон."
100000008418934100,terminal,0.672,5,0.333721,Получено 360 000 ₸; плательщиков — 1; в выборке исходящих нет.
100000008748408100,distributor,0.848899,42,0.333721,"Признаки распределения: получателей — 21; выход 1 499 960 ₸. Выход выше входа; отношение 4,17. Баланс неполон."
100000008603331100,distributor,0.697108,5,0.333589,"Признаки распределения: получателей — 6; выход 741 774 ₸. Выход выше входа; отношение 18,78. Баланс неполон."
100000008168850100,peripheral,0.55,11,0.333312,Граница 4-го колена: вход 187 910 ₸; дальнейшие переводы неизвестны.
100000008443341100,peripheral,0.7,8,0.333289,"Роль не определена: плательщиков — 2, получателей — 3. Выход выше входа; отношение 1,45. Баланс неполон."
100000000656682100,transit,0.704859,1,0.333202,"Признаки транзита: вход 71 000 ₸; дальше отправлено 112,7% наблюдаемого входа. Выход выше входа; отношение 1,13. Баланс неполон."
100000003289405100,terminal,0.671,3,0.333041,Получено 355 000 ₸; плательщиков — 1; в выборке исходящих нет.
100000002605548100,consolidator,0.76,12,0.332845,Плательщиков — 2; дальше отправлено 0% входа. В выборке получено 116 695 ₸.
100000003131693100,terminal,0.670655,3,0.332805,Получено 353 277 ₸; плательщиков — 1; в выборке исходящих нет.
100000003798151100,terminal,0.67,17,0.332353,Получено 350 000 ₸; плательщиков — 1; в выборке исходящих нет.
100000004726132100,peripheral,0.6,1,0.332214,"Роль не определена: плательщиков — 1, получателей — 1."
100000004235471100,peripheral,0.55,11,0.331875,Граница 4-го колена: вход 180 000 ₸; дальнейшие переводы неизвестны.
100000000555721100,consolidator,0.76,1,0.331868,Плательщиков — 2; дальше отправлено 0% входа. В выборке получено 113 000 ₸.
100000004408683100,consolidator,0.76,17,0.331846,"Плательщиков — 2; дальше отправлено 0% входа. В выборке получено 112 919,68 ₸."
100000008379273100,transit,0.856667,19,0.331805,"Признаки транзита: вход 36 000 ₸; дальше отправлено 105,6% наблюдаемого входа. Выход выше входа; отношение 1,06. Баланс неполон."
100000002884708100,peripheral,0.55,5,0.331652,Граница 4-го колена: вход 1 171 644 ₸; дальнейшие переводы неизвестны.
100000003237045100,peripheral,0.6,17,0.330981,"Роль не определена: плательщиков — 1, получателей — 1."
100000008232832100,peripheral,0.6,52,0.330526,"Роль не определена: плательщиков — 1, получателей — 1."
100000001386612100,terminal,0.612453,50,0.330481,Получено 62 264 ₸; плательщиков — 1; в выборке исходящих нет.
100000008752616100,distributor,0.727714,5,0.330248,"Признаки распределения: получателей — 7; выход 1 265 000 ₸. Выход выше входа; отношение 19,61. Баланс неполон."
100000001202787100,peripheral,0.6,1,0.330028,Граница 4-го колена: вход 14 850 ₸; дальнейшие переводы неизвестны.
100000000795129100,terminal,0.6664,4,0.329808,Получено 332 000 ₸; плательщиков — 1; в выборке исходящих нет.
100000004035925100,peripheral,0.55,71,0.329757,Граница 4-го колена: вход 1 111 588 ₸; дальнейшие переводы неизвестны.
100000001162560100,distributor,0.770789,5,0.329706,"Признаки распределения: получателей — 12; выход 2 904 398 ₸. Выход выше входа; отношение 8,77. Баланс неполон."
100000008669310100,terminal,0.611913,1,0.329624,Получено 59 567 ₸; плательщиков — 1; в выборке исходящих нет.
100000005767403100,peripheral,0.55,63,0.329375,Граница 4-го колена: вход 1 100 000 ₸; дальнейшие переводы неизвестны.
100000000942301100,terminal,0.611516,1,0.328987,Получено 57 580 ₸; плательщиков — 1; в выборке исходящих нет.
100000003213473100,distributor,0.763948,1,0.328961,"Признаки распределения: получателей — 11; выход 240 000 ₸. Выход выше входа; отношение 4,17. Баланс неполон."
100000003920950100,terminal,0.664658,2,0.328536,Получено 323 290 ₸; плательщиков — 1; в выборке исходящих нет.
100000004390333100,distributor,0.7469,1,0.32817,"Признаки распределения: получателей — 9; выход 506 500 ₸. Выход выше входа; отношение 7,85. Баланс неполон."
100000000569479100,terminal,0.664,1,0.328049,Получено 320 000 ₸; плательщиков — 1; в выборке исходящих нет.
100000002633108100,terminal,0.664,41,0.328049,Получено 320 000 ₸; плательщиков — 1; в выборке исходящих нет.
100000001530709100,terminal,0.610792,1,0.327815,Получено 53 961 ₸; плательщиков — 1; в выборке исходящих нет.
100000008459449100,terminal,0.61074,1,0.32773,Получено 53 700 ₸; плательщиков — 1; в выборке исходящих нет.
100000002671326100,peripheral,0.55,5,0.327661,Граница 4-го колена: вход 1 050 000 ₸; дальнейшие переводы неизвестны.
100000001541418100,consolidator,0.76,5,0.327468,Плательщиков — 2; дальше отправлено 0% входа. В выборке получено 96 900 ₸.
100000003060517100,terminal,0.663191,29,0.327444,Получено 315 955 ₸; плательщиков — 1; в выборке исходящих нет.
100000008221765100,peripheral,0.55,11,0.327372,Граница 4-го колена: вход 156 354 ₸; дальнейшие переводы неизвестны.
100000002537811100,peripheral,0.6,12,0.327174,"Роль не определена: плательщиков — 1, получателей — 1."
100000001484381100,consolidator,0.76,19,0.327098,Плательщиков — 2; дальше отправлено 0% входа. В выборке получено 95 585 ₸.
100000000557536100,peripheral,0.55,21,0.326707,Граница 4-го колена: вход 153 000 ₸; дальнейшие переводы неизвестны.
100000005911352100,peripheral,0.7,20,0.326606,"Роль не определена: плательщиков — 2, получателей — 3. Выход выше входа; отношение 1,6. Баланс неполон."
100000006248077100,terminal,0.61,17,0.326515,Получено 50 000 ₸; плательщиков — 1; в выборке исходящих нет.
100000003254277100,transit,0.75186,1,0.32625,"Признаки транзита: вход 49 200 ₸; дальше отправлено 91,5% наблюдаемого входа."
100000002958345100,terminal,0.6614,25,0.326084,Получено 307 000 ₸; плательщиков — 1; в выборке исходящих нет.
100000002508637100,peripheral,0.6,36,0.325994,"Роль не определена: плательщиков — 1, получателей — 1."
100000002988894100,peripheral,0.7,3,0.325949,"Роль не определена: плательщиков — 1, получателей — 3."
100000002509598100,terminal,0.66111,25,0.325861,Получено 305 550 ₸; плательщиков — 1; в выборке исходящих нет.
100000005042822100,peripheral,0.55,37,0.325833,Граница 4-го колена: вход 1 000 000 ₸; дальнейшие переводы неизвестны.
100000008740295100,peripheral,0.55,5,0.325833,Граница 4-го колена: вход 300 000 ₸; дальнейшие переводы неизвестны.
100000004291560100,terminal,0.609438,1,0.325581,Получено 47 190 ₸; плательщиков — 1; в выборке исходящих нет.
100000008748795100,terminal,0.609411,1,0.325537,Получено 47 057 ₸; плательщиков — 1; в выборке исходящих нет.
100000004226848100,terminal,0.660373,3,0.325291,Получено 301 866 ₸; плательщиков — 1; в выборке исходящих нет.
100000001733687100,terminal,0.66,5,0.325,Получено 300 000 ₸; плательщиков — 1; в выборке исходящих нет.
100000002032323100,peripheral,0.6,5,0.325,"Роль не определена: плательщиков — 1, получателей — 1. Выход выше входа; отношение 3,5. Баланс неполон."
100000002911170100,terminal,0.66,34,0.325,Получено 300 000 ₸; плательщиков — 1; в выборке исходящих нет.
100000003275398100,peripheral,0.6,35,0.325,"Роль не определена: плательщиков — 1, получателей — 1."
100000004717647100,distributor,0.66484,51,0.325,"Признаки распределения: получателей — 5; выход 2 240 000 ₸. Выход выше входа; отношение 7,47. Баланс неполон."
100000008427027100,terminal,0.66,3,0.325,Получено 300 000 ₸; плательщиков — 1; в выборке исходящих нет.
100000003180305100,peripheral,0.55,1,0.324887,Граница 4-го колена: вход 144 000 ₸; дальнейшие переводы неизвестны.
100000000806727100,peripheral,0.6,3,0.324847,"Роль не определена: плательщиков — 1, получателей — 1."
100000003781406100,terminal,0.609,8,0.324847,Получено 45 000 ₸; плательщиков — 1; в выборке исходящих нет.
100000008432942100,terminal,0.608908,1,0.324693,Получено 44 542 ₸; плательщиков — 1; в выборке исходящих нет.
100000000291908100,peripheral,0.6,7,0.324293,"Роль не определена: плательщиков — 1, получателей — 1."
100000003581109100,terminal,0.60855,1,0.324086,Получено 42 750 ₸; плательщиков — 1; в выборке исходящих нет.
100000008636603100,distributor,0.713357,17,0.324066,"Признаки распределения: получателей — 6; выход 159 375 ₸. Выход выше входа; отношение 4,49. Баланс неполон."
100000008297199100,terminal,0.608454,1,0.323923,Получено 42 268 ₸; плательщиков — 1; в выборке исходящих нет.
100000006048193100,terminal,0.608312,1,0.323681,Получено 41 559 ₸; плательщиков — 1; в выборке исходящих нет.
100000003943247100,terminal,0.608,1,0.323148,Получено 40 000 ₸; плательщиков — 1; в выборке исходящих нет.
100000003968044100,peripheral,0.7,9,0.323148,"Роль не определена: плательщиков — 1, получателей — 3. Выход выше входа; отношение 7,78. Баланс неполон."
100000000896111100,terminal,0.65742,22,0.322951,Получено 287 100 ₸; плательщиков — 1; в выборке исходящих нет.
100000008088082100,peripheral,0.6,13,0.322852,"Роль не определена: плательщиков — 1, получателей — 1. Выход выше входа; отношение 1,28. Баланс неполон."
100000003042994100,terminal,0.657217,17,0.322787,Получено 286 086 ₸; плательщиков — 1; в выборке исходящих нет.
100000004816564100,peripheral,0.6,4,0.322689,"Роль не определена: плательщиков — 1, получателей — 1."
100000002691583100,terminal,0.65704,15,0.322644,Получено 285 200 ₸; плательщиков — 1; в выборке исходящих нет.
100000006446271100,consolidator,0.76,3,0.322586,Плательщиков — 2; дальше отправлено 0% входа. В выборке получено 80 000 ₸.
100000003718715100,peripheral,0.55,13,0.322429,Граница 4-го колена: вход 915 000 ₸; дальнейшие переводы неизвестны.
100000004713684100,terminal,0.6075,1,0.322287,Получено 37 500 ₸; плательщиков — 1; в выборке исходящих нет.
100000004559194100,terminal,0.656429,17,0.322146,Получено 282 145 ₸; плательщиков — 1; в выборке исходящих нет.
100000003923946100,peripheral,0.7,42,0.322123,"Роль не определена: плательщиков — 1, получателей — 4. Выход выше входа; отношение 2,39. Баланс неполон."
100000006844768100,peripheral,0.65,1,0.322123,"Роль не определена: плательщиков — 1, получателей — 2."
100000006852430100,terminal,0.6074,12,0.322114,Получено 37 000 ₸; плательщиков — 1; в выборке исходящих нет.
100000003014659100,terminal,0.656,12,0.321795,Получено 280 000 ₸; плательщиков — 1; в выборке исходящих нет.
100000008491390100,terminal,0.6072,1,0.321766,Получено 36 000 ₸; плательщиков — 1; в выборке исходящих нет.
100000008652094100,terminal,0.607,1,0.321417,Получено 35 000 ₸; плательщиков — 1; в выборке исходящих нет.
100000002394199100,peripheral,0.6,2,0.321366,"Роль не определена: плательщиков — 1, получателей — 1."
100000003631015100,peripheral,0.55,66,0.321117,Граница 4-го колена: вход 266 000 ₸; дальнейшие переводы неизвестны.
100000002821425100,terminal,0.655,25,0.320968,Получено 275 000 ₸; плательщиков — 1; в выборке исходящих нет.
100000004676985100,transit,0.640167,1,0.320455,Признаки транзита: вход 32 260 ₸; дальше отправлено 84% наблюдаемого входа.
100000005904580100,consolidator,0.76,8,0.320175,Плательщиков — 2; дальше отправлено 0% входа. В выборке получено 72 000 ₸.
100000003254723100,terminal,0.65397,3,0.320105,Получено 269 850 ₸; плательщиков — 1; в выборке исходящих нет.
100000006756956100,peripheral,0.55,1,0.320043,Граница 4-го колена: вход 121 200 ₸; дальнейшие переводы неизвестны.
100000002663511100,terminal,0.653788,1,0.319951,Получено 268 940 ₸; плательщиков — 1; в выборке исходящих нет.
100000004779204100,peripheral,0.6,1,0.319814,"Роль не определена: плательщиков — 1, получателей — 1."
100000001578517100,terminal,0.606,17,0.319654,Получено 30 000 ₸; плательщиков — 1; в выборке исходящих нет.
100000002173070100,terminal,0.606,17,0.319654,Получено 30 000 ₸; плательщиков — 1; в выборке исходящих нет.
100000003823811100,peripheral,0.7,50,0.319654,"Роль не определена: плательщиков — 1, получателей — 3. Выход выше входа; отношение 2,2. Баланс неполон."
100000006020215100,transit,0.705,13,0.319654,"Признаки транзита: вход 30 000 ₸; дальше отправлено 112,7% наблюдаемого входа. Выход выше входа; отношение 1,13. Баланс неполон."
100000008655035100,terminal,0.606,2,0.319654,Получено 30 000 ₸; плательщиков — 1; в выборке исходящих нет.
100000002633701100,terminal,0.65337,5,0.319596,Получено 266 850 ₸; плательщиков — 1; в выборке исходящих нет.
100000006707582100,distributor,0.785321,12,0.31949,"Признаки распределения: получателей — 14; выход 961 138 ₸. Выход выше входа; отношение 24,32. Баланс неполон."
100000008619857100,peripheral,0.65,1,0.319297,"Роль не определена: плательщиков — 1, получателей — 2."
100000003574895100,peripheral,0.6,1,0.318928,"Роль не определена: плательщиков — 1, получателей — 1."
100000000926078100,peripheral,0.55,9,0.31875,Граница 4-го колена: вход 250 000 ₸; дальнейшие переводы неизвестны.
100000008413748100,distributor,0.807973,29,0.318573,"Признаки распределения: получателей — 18; выход 1 377 320,22 ₸. Выход выше входа; отношение 52,01. Баланс неполон."
100000008710843100,distributor,0.776117,47,0.318406,"Признаки распределения: получателей — 13; выход 1 985 500 ₸. Выход выше входа; отношение 58,49. Баланс неполон."
100000005034574100,terminal,0.651763,74,0.318216,Получено 258 816 ₸; плательщиков — 1; в выборке исходящих нет.
100000004976946100,peripheral,0.55,66,0.318142,Граница 4-го колена: вход 246 000 ₸; дальнейшие переводы неизвестны.
100000003235780100,consolidator,0.76,1,0.318009,Плательщиков — 2; дальше отправлено 0% входа. В выборке получено 65 000 ₸.
100000005133757100,consolidator,0.76,9,0.318009,Плательщиков — 2; дальше отправлено 0% входа. В выборке получено 65 000 ₸.
100000008571443100,consolidator,0.76,13,0.318009,Плательщиков — 2; дальше отправлено 0% входа. В выборке получено 65 000 ₸.
100000002194329100,terminal,0.605034,1,0.317919,Получено 25 170 ₸; плательщиков — 1; в выборке исходящих нет.
100000002958286100,terminal,0.6514,5,0.3179,Получено 257 000 ₸; плательщиков — 1; в выборке исходящих нет.
100000001641951100,terminal,0.605,3,0.317857,Получено 25 000 ₸; плательщиков — 1; в выборке исходящих нет.
100000004877085100,peripheral,0.7,13,0.317857,"Роль не определена: плательщиков — 1, получателей — 3. Выход выше входа; отношение 3,82. Баланс неполон."
100000006919124100,terminal,0.605,1,0.317857,Получено 25 000 ₸; плательщиков — 1; в выборке исходящих нет.
100000005709551100,terminal,0.604912,13,0.317697,Получено 24 560 ₸; плательщиков — 1; в выборке исходящих нет.
100000002242455100,peripheral,0.55,11,0.317531,Граница 4-го колена: вход 110 000 ₸; дальнейшие переводы неизвестны.
100000003221510100,peripheral,0.65,1,0.317494,"Роль не определена: плательщиков — 1, получателей — 2. Выход выше входа; отношение 5. Баланс неполон."
100000004931931100,peripheral,0.6,1,0.317471,"Роль не определена: плательщиков — 1, получателей — 1. Выход выше входа; отношение 1,88. Баланс неполон."
100000004388353100,consolidator,0.76,12,0.317367,Плательщиков — 2; дальше отправлено 0% входа. В выборке получено 62 960 ₸.
100000002970466100,peripheral,0.65,1,0.317245,"Роль не определена: плательщиков — 1, получателей — 2. Выход выше входа; отношение 3,99. Баланс неполон."
100000003736419100,peripheral,0.6,1,0.317238,"Роль не определена: плательщиков — 1, получателей — 1."
100000000561160100,peripheral,0.55,3,0.317218,Граница 4-го колена: вход 240 000 ₸; дальнейшие переводы неизвестны.
100000004539443100,consolidator,0.76,3,0.317061,Плательщиков — 2; дальше отправлено 0% входа. В выборке получено 61 990 ₸.
100000000764836100,peripheral,0.65,9,0.316971,"Роль не определена: плательщиков — 1, получателей — 2."
100000004611571100,terminal,0.60451,1,0.316964,Получено 22 550 ₸; плательщиков — 1; в выборке исходящих нет.
100000005711521100,peripheral,0.55,13,0.316907,Граница 4-го колена: вход 238 000 ₸; дальнейшие переводы неизвестны.
100000004959752100,terminal,0.60444,3,0.316836,Получено 22 200 ₸; плательщиков — 1; в выборке исходящих нет.
100000002934441100,consolidator,0.76,1,0.316698,"Плательщиков — 2; дальше отправлено 0% входа. В выборке получено 60 845,6 ₸."
100000000769919100,terminal,0.65,38,0.316667,Получено 250 000 ₸; плательщиков — 1; в выборке исходящих нет.
100000001056414100,terminal,0.65,25,0.316667,Получено 250 000 ₸; плательщиков — 1; в выборке исходящих нет.
100000001279272100,peripheral,0.65,1,0.316667,"Роль не определена: плательщиков — 1, получателей — 2."
100000004407753100,peripheral,0.6,16,0.316667,"Роль не определена: плательщиков — 1, получателей — 1."
100000003044431100,consolidator,0.76,3,0.316429,Плательщиков — 2; дальше отправлено 0% входа. В выборке получено 60 000 ₸.
100000003835149100,peripheral,0.65,22,0.316399,"Роль не определена: плательщиков — 1, получателей — 2. Выход выше входа; отношение 18,51. Баланс неполон."
100000004071444100,peripheral,0.6,1,0.316194,"Роль не определена: плательщиков — 1, получателей — 1."
100000008583971100,peripheral,0.6,1,0.316068,Граница 4-го колена: вход 51 000 ₸; дальнейшие переводы неизвестны.
100000004386331100,transit,0.7075,8,0.316026,"Признаки транзита: вход 20 000 ₸; дальше отправлено 87,5% наблюдаемого входа."
100000008659950100,terminal,0.6492,5,0.315952,Получено 246 000 ₸; плательщиков — 1; в выборке исходящих нет.
100000003635660100,terminal,0.603797,1,0.31565,Получено 18 985 ₸; плательщиков — 1; в выборке исходящих нет.
100000008560263100,peripheral,0.55,11,0.315208,Граница 4-го колена: вход 100 000 ₸; дальнейшие переводы неизвестны.
100000004586598100,peripheral,0.55,26,0.315107,Граница 4-го колена: вход 761 255 ₸; дальнейшие переводы неизвестны.
100000005022552100,peripheral,0.6,17,0.315047,"Роль не определена: плательщиков — 1, получателей — 1."
100000003843844100,peripheral,0.6,13,0.31479,"Роль не определена: плательщиков — 1, получателей — 1. Выход выше входа; отношение 14,27. Баланс неполон."
100000004790991100,terminal,0.647883,17,0.314758,Получено 239 413 ₸; плательщиков — 1; в выборке исходящих нет.
100000005049404100,peripheral,0.55,11,0.314735,Граница 4-го колена: вход 98 000 ₸; дальнейшие переводы неизвестны.
100000002597623100,terminal,0.603284,1,0.314692,Получено 16 418 ₸; плательщиков — 1; в выборке исходящих нет.
100000000733940100,peripheral,0.55,37,0.314609,Граница 4-го колена: вход 752 000 ₸; дальнейшие переводы неизвестны.
100000005745873100,peripheral,0.55,66,0.314518,Граница 4-го колена: вход 223 000 ₸; дальнейшие переводы неизвестны.
100000002622822100,peripheral,0.55,47,0.3145,Граница 4-го колена: вход 750 000 ₸; дальнейшие переводы неизвестны.
100000008466579100,distributor,0.816052,5,0.314488,"Признаки распределения: получателей — 17; выход 1 933 000 ₸. Выход выше входа; отношение 52,31. Баланс неполон."
100000008737958100,consolidator,0.76,23,0.31429,Плательщиков — 2; дальше отправлено 0% входа. В выборке получено 53 373 ₸.
100000002836052100,terminal,0.603,3,0.314159,Получено 15 000 ₸; плательщиков — 1; в выборке исходящих нет.
100000002945031100,terminal,0.603,13,0.314159,Получено 15 000 ₸; плательщиков — 1; в выборке исходящих нет.
100000003093299100,terminal,0.603,1,0.314159,Получено 15 000 ₸; плательщиков — 1; в выборке исходящих нет.
100000003057225100,terminal,0.6472,17,0.31413,Получено 236 000 ₸; плательщиков — 1; в выборке исходящих нет.
100000002591469100,terminal,0.647134,2,0.314069,Получено 235 670 ₸; плательщиков — 1; в выборке исходящих нет.
100000008050986100,peripheral,0.55,11,0.314018,Граница 4-го колена: вход 95 000 ₸; дальнейшие переводы неизвестны.
100000002600345100,consolidator,0.76,17,0.313972,Плательщиков — 2; дальше отправлено 0% входа. В выборке получено 52 400 ₸.
100000005342513100,peripheral,0.6,23,0.313946,"Роль не определена: плательщиков — 1, получателей — 1."
100000008279405100,terminal,0.646948,9,0.313897,Получено 234 738 ₸; плательщиков — 1; в выборке исходящих нет.
100000004820260100,transit,0.78927,4,0.313797,Признаки транзита: вход 234 200 ₸; дальше отправлено 92% наблюдаемого входа.
100000005367284100,peripheral,0.65,1,0.313667,"Роль не определена: плательщиков — 1, получателей — 2. Выход выше входа; отношение 3,53. Баланс неполон."
100000006564102100,terminal,0.646647,3,0.313618,Получено 233 235 ₸; плательщиков — 1; в выборке исходящих нет.
100000002475601100,terminal,0.64646,36,0.313444,Получено 232 301 ₸; плательщиков — 1; в выборке исходящих нет.
100000002596035100,terminal,0.646314,12,0.313308,Получено 231 570 ₸; плательщиков — 1; в выборке исходящих нет.
100000004750321100,consolidator,0.76,19,0.313243,Плательщиков — 2; дальше отправлено 0% входа. В выборке получено 50 185 ₸.
100000003724440100,consolidator,0.76,3,0.313182,Плательщиков — 2; дальше отправлено 0% входа. В выборке получено 50 000 ₸.
100000008676812100,terminal,0.64616,44,0.313164,Получено 230 800 ₸; плательщиков — 1; в выборке исходящих нет.
100000005620225100,consolidator,0.76,1,0.313131,"Плательщиков — 2; дальше отправлено 0% входа. В выборке получено 49 845,66 ₸."
100000003089018100,terminal,0.646,5,0.313014,Получено 230 000 ₸; плательщиков — 1; в выборке исходящих нет.
100000004722765100,peripheral,0.7,58,0.313014,"Роль не определена: плательщиков — 1, получателей — 3. Выход выше входа; отношение 9,93. Баланс неполон."
100000006209210100,terminal,0.645822,2,0.312847,Получено 229 111 ₸; плательщиков — 1; в выборке исходящих нет.
100000002208836100,peripheral,0.55,11,0.312807,Граница 4-го колена: вход 90 000 ₸; дальнейшие переводы неизвестны.
100000002487222100,peripheral,0.55,11,0.312807,Граница 4-го колена: вход 90 000 ₸; дальнейшие переводы неизвестны.
100000003218308100,terminal,0.602233,1,0.312702,Получено 11 165 ₸; плательщиков — 1; в выборке исходящих нет.
100000002818726100,terminal,0.602176,13,0.312592,Получено 10 879 ₸; плательщиков — 1; в выборке исходящих нет.
100000008638859100,peripheral,0.55,44,0.312574,Граница 4-го колена: вход 34 000 ₸; дальнейшие переводы неизвестны.
100000004732589100,terminal,0.645504,12,0.312547,Получено 227 520 ₸; плательщиков — 1; в выборке исходящих нет.
100000006714366100,peripheral,0.6,13,0.312447,"Роль не определена: плательщиков — 1, получателей — 1."
100000000749118100,peripheral,0.6,1,0.312382,"Роль не определена: плательщиков — 1, получателей — 1. Выход выше входа; отношение 1,6. Баланс неполон."
100000002812641100,peripheral,0.6,5,0.312255,"Роль не определена: плательщиков — 1, получателей — 1."
100000003917461100,peripheral,0.65,8,0.312255,"Роль не определена: плательщиков — 1, получателей — 2. Выход выше входа; отношение 14. Баланс неполон."
100000004400361100,terminal,0.602,17,0.312255,Получено 10 000 ₸; плательщиков — 1; в выборке исходящих нет.
100000004591973100,peripheral,0.6,8,0.312255,"Роль не определена: плательщиков — 1, получателей — 1. Выход выше входа; отношение 10. Баланс неполон."
100000005186131100,transit,0.88,1,0.312255,Признаки транзита: вход 10 000 ₸; дальше отправлено 100% наблюдаемого входа.
100000005873152100,transit,0.88,12,0.312255,Признаки транзита: вход 10 000 ₸; дальше отправлено 100% наблюдаемого входа.
100000008060273100,terminal,0.602,3,0.312255,Получено 10 000 ₸; плательщиков — 1; в выборке исходящих нет.
100000004340038100,peripheral,0.6,13,0.312246,"Роль не определена: плательщиков — 1, получателей — 1. Выход выше входа; отношение 4,91. Баланс неполон."
100000005357034100,terminal,0.601951,1,0.31216,Получено 9 754 ₸; плательщиков — 1; в выборке исходящих нет.
100000007392365100,distributor,0.711837,66,0.312106,"Признаки распределения: получателей — 6; выход 1 765 600 ₸. Выход выше входа; отношение 183,67. Баланс неполон."
100000002710570100,terminal,0.645003,37,0.312072,Получено 225 015 ₸; плательщиков — 1; в выборке исходящих нет.
100000005052998100,peripheral,0.6,1,0.312062,"Роль не определена: плательщиков — 1, получателей — 1. Выход выше входа; отношение 2,99. Баланс неполон."
100000003951827100,peripheral,0.65,1,0.31187,"Роль не определена: плательщиков — 1, получателей — 2. Выход выше входа; отношение 1,89. Баланс неполон."
100000006122699100,consolidator,0.76,17,0.311805,Плательщиков — 2; дальше отправлено 0% входа. В выборке получено 45 865 ₸.
100000001169666100,peripheral,0.6,19,0.311111,"Роль не определена: плательщиков — 1, получателей — 1."
100000002615479100,terminal,0.644,5,0.311111,Получено 220 000 ₸; плательщиков — 1; в выборке исходящих нет.
100000005314565100,terminal,0.6437,1,0.310821,Получено 218 500 ₸; плательщиков — 1; в выборке исходящих нет.
100000001427082100,distributor,0.687348,33,0.310314,"Признаки распределения: получателей — 5; выход 124 900 ₸. Выход выше входа; отношение 24,98. Баланс неполон."
100000003031890100,terminal,0.643,35,0.31014,Получено 215 000 ₸; плательщиков — 1; в выборке исходящих нет.
100000005888829100,peripheral,0.55,5,0.310132,Граница 4-го колена: вход 197 000 ₸; дальнейшие переводы неизвестны.
100000008077552100,terminal,0.6428,9,0.309944,Получено 214 000 ₸; плательщиков — 1; в выборке исходящих нет.
100000007071852100,peripheral,0.55,9,0.309781,Граница 4-го колена: вход 195 000 ₸; дальнейшие переводы неизвестны.
100000002119762100,peripheral,0.55,11,0.309561,Граница 4-го колена: вход 77 000 ₸; дальнейшие переводы неизвестны.
100000003854444100,distributor,0.777198,44,0.309155,"Признаки распределения: получателей — 14; выход 2 322 909 ₸. Выход выше входа; отношение 11,06. Баланс неполон."
100000002958139100,terminal,0.6419,5,0.309056,Получено 209 500 ₸; плательщиков — 1; в выборке исходящих нет.
100000000961900100,consolidator,0.76,1,0.308433,Плательщиков — 2; дальше отправлено 0% входа. В выборке получено 36 000 ₸.
100000003370425100,peripheral,0.55,13,0.308288,Граница 4-го колена: вход 20 000 ₸; дальнейшие переводы неизвестны.
100000008436257100,consolidator,0.76,29,0.308084,Плательщиков — 2; дальше отправлено 0% входа. В выборке получено 35 000 ₸.
100000004184158100,terminal,0.640761,1,0.307915,Получено 203 805 ₸; плательщиков — 1; в выборке исходящих нет.
100000002968096100,peripheral,0.55,9,0.307752,Граница 4-го колена: вход 70 000 ₸; дальнейшие переводы неизвестны.
100000008349740100,peripheral,0.55,21,0.307752,Граница 4-го колена: вход 70 000 ₸; дальнейшие переводы неизвестны.
100000001822623100,terminal,0.64026,30,0.307408,Получено 201 300 ₸; плательщиков — 1; в выборке исходящих нет.
100000001184915100,terminal,0.6402,4,0.307347,Получено 201 000 ₸; плательщиков — 1; в выборке исходящих нет.
100000001270349100,terminal,0.64,42,0.307143,Получено 200 000 ₸; плательщиков — 1; в выборке исходящих нет.
100000001960517100,terminal,0.64,42,0.307143,Получено 200 000 ₸; плательщиков — 1; в выборке исходящих нет.
100000002371751100,peripheral,0.6,38,0.307143,"Роль не определена: плательщиков — 1, получателей — 1. Выход выше входа; отношение 1,25. Баланс неполон."
100000002784085100,terminal,0.64,5,0.307143,Получено 200 000 ₸; плательщиков — 1; в выборке исходящих нет.
100000002964966100,terminal,0.64,3,0.307143,Получено 200 000 ₸; плательщиков — 1; в выборке исходящих нет.
100000003016438100,peripheral,0.6,5,0.307143,"Роль не определена: плательщиков — 1, получателей — 1. Выход выше входа; отношение 1,5. Баланс неполон."
100000003299365100,transit,0.88,3,0.307143,Признаки транзита: вход 200 000 ₸; дальше отправлено 100% наблюдаемого входа.
100000003824464100,terminal,0.64,30,0.307143,Получено 200 000 ₸; плательщиков — 1; в выборке исходящих нет.
100000004130144100,terminal,0.64,2,0.307143,Получено 200 000 ₸; плательщиков — 1; в выборке исходящих нет.
100000006567935100,terminal,0.64,34,0.307143,Получено 200 000 ₸; плательщиков — 1; в выборке исходящих нет.
100000007641801100,terminal,0.64,2,0.307143,Получено 200 000 ₸; плательщиков — 1; в выборке исходящих нет.
100000008238989100,terminal,0.64,30,0.307143,Получено 200 000 ₸; плательщиков — 1; в выборке исходящих нет.
100000004904960100,consolidator,0.76,1,0.30703,Плательщиков — 2; дальше отправлено 0% входа. В выборке получено 32 000 ₸.
100000008097580100,consolidator,0.76,9,0.30703,Плательщиков — 2; дальше отправлено 0% входа. В выборке получено 32 000 ₸.
100000007653094100,peripheral,0.55,13,0.307021,Граница 4-го колена: вход 16 000 ₸; дальнейшие переводы неизвестны.
100000002720627100,terminal,0.63986,12,0.307,Получено 199 300 ₸; плательщиков — 1; в выборке исходящих нет.
100000002796853100,peripheral,0.6,60,0.306938,"Роль не определена: плательщиков — 1, получателей — 1."
100000005664632100,terminal,0.639724,75,0.306861,Получено 198 620 ₸; плательщиков — 1; в выборке исходящих нет.
100000008625905100,peripheral,0.65,46,0.306692,"Роль не определена: плательщиков — 1, получателей — 2. Выход выше входа; отношение 3,21. Баланс неполон."
100000001785161100,consolidator,0.76,34,0.306321,Плательщиков — 2; дальше отправлено 0% входа. В выборке получено 30 000 ₸.
100000002528544100,terminal,0.638582,36,0.305682,Получено 192 912 ₸; плательщиков — 1; в выборке исходящих нет.
100000004580254100,consolidator,0.76,29,0.305585,Плательщиков — 2; дальше отправлено 0% входа. В выборке получено 27 940 ₸.
100000007283257100,terminal,0.6384,74,0.305491,Получено 192 000 ₸; плательщиков — 1; в выборке исходящих нет.
100000001816678100,peripheral,0.55,3,0.305089,Граница 4-го колена: вход 60 000 ₸; дальнейшие переводы неизвестны.
100000004326224100,peripheral,0.55,11,0.305089,Граница 4-го колена: вход 60 000 ₸; дальнейшие переводы неизвестны.
100000000201868100,transit,0.88,6,0.305072,Признаки транзита: вход 190 000 ₸; дальше отправлено 100% наблюдаемого входа.
100000003278020100,terminal,0.638,1,0.305072,Получено 190 000 ₸; плательщиков — 1; в выборке исходящих нет.
100000003071649100,terminal,0.6379,5,0.304967,Получено 189 500 ₸; плательщиков — 1; в выборке исходящих нет.
100000002760175100,terminal,0.637482,12,0.304526,Получено 187 410 ₸; плательщиков — 1; в выборке исходящих нет.
100000002308091100,terminal,0.637344,25,0.30438,Получено 186 720 ₸; плательщиков — 1; в выборке исходящих нет.
100000007330432100,peripheral,0.55,85,0.304152,Граница 4-го колена: вход 584 900 ₸; дальнейшие переводы неизвестны.
100000002886166100,terminal,0.637,35,0.304015,Получено 185 000 ₸; плательщиков — 1; в выборке исходящих нет.
100000001477796100,terminal,0.6364,3,0.303372,Получено 182 000 ₸; плательщиков — 1; в выборке исходящих нет.
100000001600934100,peripheral,0.6,9,0.303006,"Роль не определена: плательщиков — 1, получателей — 1."
100000003191430100,terminal,0.636,17,0.302941,Получено 180 000 ₸; плательщиков — 1; в выборке исходящих нет.
100000008561016100,transit,0.838333,5,0.302941,"Признаки транзита: вход 180 000 ₸; дальше отправлено 102,8% наблюдаемого входа. Выход выше входа; отношение 1,03. Баланс неполон."
100000003066385100,consolidator,0.76,1,0.302692,Плательщиков — 2; дальше отправлено 0% входа. В выборке получено 20 000 ₸.
100000004588479100,terminal,0.635527,17,0.302427,Получено 177 633 ₸; плательщиков — 1; в выборке исходящих нет.
100000002971593100,peripheral,0.55,11,0.302062,Граница 4-го колена: вход 49 050 ₸; дальнейшие переводы неизвестны.
100000001837130100,terminal,0.63458,1,0.30139,Получено 172 900 ₸; плательщиков — 1; в выборке исходящих нет.
100000002896506100,peripheral,0.55,11,0.300912,Граница 4-го колена: вход 45 000 ₸; дальнейшие переводы неизвестны.
100000004991593100,peripheral,0.55,9,0.300912,Граница 4-го колена: вход 45 000 ₸; дальнейшие переводы неизвестны.
100000002943472100,terminal,0.634,5,0.300746,Получено 170 000 ₸; плательщиков — 1; в выборке исходящих нет.
100000008714412100,terminal,0.6338,19,0.300523,Получено 169 000 ₸; плательщиков — 1; в выборке исходящих нет.
100000001164648100,consolidator,0.76,48,0.300319,Плательщиков — 2; дальше отправлено 0% входа. В выборке получено 13 660 ₸.
100000002981527100,terminal,0.6336,5,0.300299,Получено 168 000 ₸; плательщиков — 1; в выборке исходящих нет.
100000004544958100,peripheral,0.65,12,0.300299,"Роль не определена: плательщиков — 1, получателей — 2."
100000004993576100,terminal,0.6334,4,0.300075,Получено 167 000 ₸; плательщиков — 1; в выборке исходящих нет.
100000001819396100,terminal,0.633216,15,0.299868,Получено 166 080 ₸; плательщиков — 1; в выборке исходящих нет.
100000003603979100,terminal,0.633,35,0.299624,Получено 165 000 ₸; плательщиков — 1; в выборке исходящих нет.
100000002621949100,terminal,0.632922,3,0.299536,Получено 164 612 ₸; плательщиков — 1; в выборке исходящих нет.
100000002635780100,terminal,0.6326,2,0.29917,"Получено 163 000,02 ₸; плательщиков — 1; в выборке исходящих нет."
100000004670388100,peripheral,0.65,7,0.298566,"Роль не определена: плательщиков — 1, получателей — 2. Выход выше входа; отношение 4,49. Баланс неполон."
100000000041368100,terminal,0.632,3,0.298485,Получено 160 000 ₸; плательщиков — 1; в выборке исходящих нет.
100000002212494100,terminal,0.632,37,0.298485,Получено 160 000 ₸; плательщиков — 1; в выборке исходящих нет.
100000006240939100,distributor,0.696822,42,0.298485,"Признаки распределения: получателей — 5; выход 778 015 ₸. Выход выше входа; отношение 4,86. Баланс неполон."
100000006612238100,peripheral,0.6,23,0.298485,"Роль не определена: плательщиков — 1, получателей — 1."
100000002826669100,terminal,0.63198,1,0.298462,Получено 159 900 ₸; плательщиков — 1; в выборке исходящих нет.
100000003692843100,peripheral,0.55,55,0.298342,Граница 4-го колена: вход 510 000 ₸; дальнейшие переводы неизвестны.
100000007960337100,peripheral,0.55,9,0.298145,Граница 4-го колена: вход 35 500 ₸; дальнейшие переводы неизвестны.
100000000737152100,peripheral,0.55,1,0.297996,Граница 4-го колена: вход 35 000 ₸; дальнейшие переводы неизвестны.
100000004911971100,peripheral,0.55,21,0.297996,Граница 4-го колена: вход 35 000 ₸; дальнейшие переводы неизвестны.
100000001669260100,peripheral,0.55,36,0.2975,Граница 4-го колена: вход 500 000 ₸; дальнейшие переводы неизвестны.
100000001957974100,peripheral,0.55,41,0.2975,Граница 4-го колена: вход 500 000 ₸; дальнейшие переводы неизвестны.
100000004200745100,peripheral,0.55,8,0.297163,Граница 4-го колена: вход 130 000 ₸; дальнейшие переводы неизвестны.
100000002257794100,terminal,0.6308,35,0.297095,Получено 154 000 ₸; плательщиков — 1; в выборке исходящих нет.
100000001650895100,peripheral,0.6,19,0.296978,"Роль не определена: плательщиков — 1, получателей — 1."
100000001275752100,terminal,0.6303,5,0.296508,Получено 151 500 ₸; плательщиков — 1; в выборке исходящих нет.
100000004047887100,peripheral,0.55,31,0.296498,Граница 4-го колена: вход 30 000 ₸; дальнейшие переводы неизвестны.
100000002738256100,transit,0.63233,59,0.296201,"Признаки транзита: вход 150 200 ₸; дальше отправлено 116,5% наблюдаемого входа. Выход выше входа; отношение 1,17. Баланс неполон."
100000000861294100,terminal,0.63,42,0.296154,Получено 150 000 ₸; плательщиков — 1; в выборке исходящих нет.
100000001961048100,terminal,0.63,34,0.296154,Получено 150 000 ₸; плательщиков — 1; в выборке исходящих нет.
100000002170580100,terminal,0.63,12,0.296154,Получено 150 000 ₸; плательщиков — 1; в выборке исходящих нет.
100000002677201100,peripheral,0.6,5,0.296154,"Роль не определена: плательщиков — 1, получателей — 1."
100000003089553100,terminal,0.63,5,0.296154,Получено 150 000 ₸; плательщиков — 1; в выборке исходящих нет.
100000003270419100,terminal,0.63,13,0.296154,Получено 150 000 ₸; плательщиков — 1; в выборке исходящих нет.
100000005077484100,peripheral,0.65,28,0.296154,"Роль не определена: плательщиков — 1, получателей — 2."
100000007334196100,terminal,0.63,12,0.296154,Получено 150 002 ₸; плательщиков — 1; в выборке исходящих нет.
100000008335401100,terminal,0.63,19,0.296154,Получено 150 000 ₸; плательщиков — 1; в выборке исходящих нет.
100000008762832100,peripheral,0.6,3,0.296154,"Роль не определена: плательщиков — 1, получателей — 1."
100000004480280100,peripheral,0.65,3,0.295367,"Роль не определена: плательщиков — 1, получателей — 2. Выход выше входа; отношение 2,02. Баланс неполон."
100000002824176100,terminal,0.6288,42,0.29472,Получено 144 000 ₸; плательщиков — 1; в выборке исходящих нет.
100000005497148100,peripheral,0.55,11,0.294661,Граница 4-го колена: вход 24 000 ₸; дальнейшие переводы неизвестны.
100000001373265100,peripheral,0.6,9,0.294354,"Роль не определена: плательщиков — 1, получателей — 1."
100000003152964100,peripheral,0.6,9,0.2942,"Роль не определена: плательщиков — 1, получателей — 1."
100000000993112100,terminal,0.6282,43,0.293994,Получено 141 000 ₸; плательщиков — 1; в выборке исходящих нет.
100000002914245100,terminal,0.628122,36,0.293899,Получено 140 611 ₸; плательщиков — 1; в выборке исходящих нет.
100000001686328100,terminal,0.628,5,0.29375,Получено 140 000 ₸; плательщиков — 1; в выборке исходящих нет.
100000002335358100,terminal,0.628,17,0.29375,Получено 140 000 ₸; плательщиков — 1; в выборке исходящих нет.
100000002605184100,terminal,0.628,4,0.29375,Получено 140 000 ₸; плательщиков — 1; в выборке исходящих нет.
100000003054328100,peripheral,0.65,25,0.29375,"Роль не определена: плательщиков — 1, получателей — 2. Выход выше входа; отношение 1,38. Баланс неполон."
100000003204491100,peripheral,0.6,1,0.29375,"Роль не определена: плательщиков — 1, получателей — 1."
100000004674799100,terminal,0.628,1,0.29375,Получено 140 000 ₸; плательщиков — 1; в выборке исходящих нет.
100000003500764100,peripheral,0.55,29,0.293727,Граница 4-го колена: вход 21 000 ₸; дальнейшие переводы неизвестны.
100000006232642100,peripheral,0.55,67,0.293588,Граница 4-го колена: вход 456 000 ₸; дальнейшие переводы неизвестны.
100000001286703100,peripheral,0.55,31,0.29357,Граница 4-го колена: вход 20 500 ₸; дальнейшие переводы неизвестны.
100000008555918100,peripheral,0.65,3,0.293557,"Роль не определена: плательщиков — 1, получателей — 2."
100000000673915100,peripheral,0.55,21,0.293476,Граница 4-го колена: вход 20 200 ₸; дальнейшие переводы неизвестны.
100000001726614100,terminal,0.627743,1,0.293436,Получено 138 717 ₸; плательщиков — 1; в выборке исходящих нет.
100000004070530100,peripheral,0.55,31,0.293413,Граница 4-го колена: вход 20 000 ₸; дальнейшие переводы неизвестны.
100000002492277100,terminal,0.6277,3,0.293383,Получено 138 500 ₸; плательщиков — 1; в выборке исходящих нет.
100000004209339100,peripheral,0.65,54,0.293383,"Роль не определена: плательщиков — 1, получателей — 2. Выход выше входа; отношение 1,72. Баланс неполон."
100000001822650100,peripheral,0.55,5,0.293194,Граница 4-го колена: вход 112 000 ₸; дальнейшие переводы неизвестны.
100000003205210100,terminal,0.627513,3,0.293153,Получено 137 563 ₸; плательщиков — 1; в выборке исходящих нет.
100000008169544100,peripheral,0.7,17,0.29304,"Роль не определена: плательщиков — 1, получателей — 4."
100000008732488100,peripheral,0.6,9,0.293014,"Роль не определена: плательщиков — 1, получателей — 1."
100000002922000100,peripheral,0.55,51,0.292838,Граница 4-го колена: вход 448 000 ₸; дальнейшие переводы неизвестны.
100000001130553100,peripheral,0.55,11,0.292782,Граница 4-го колена: вход 18 000 ₸; дальнейшие переводы неизвестны.
100000003230329100,peripheral,0.55,5,0.292739,Граница 4-го колена: вход 110 000 ₸; дальнейшие переводы неизвестны.
100000002864256100,terminal,0.627156,3,0.292713,Получено 135 780 ₸; плательщиков — 1; в выборке исходящих нет.
100000008619159100,peripheral,0.55,71,0.292686,Граница 4-го колена: вход 446 400 ₸; дальнейшие переводы неизвестны.
100000008376089100,terminal,0.627,34,0.29252,Получено 135 000 ₸; плательщиков — 1; в выборке исходящих нет.
100000001299323100,peripheral,0.55,5,0.29251,Граница 4-го колена: вход 109 000 ₸; дальнейшие переводы неизвестны.
100000008571243100,terminal,0.6268,19,0.292271,Получено 134 000 ₸; плательщиков — 1; в выборке исходящих нет.
100000001688676100,terminal,0.62674,44,0.292197,Получено 133 700 ₸; плательщиков — 1; в выборке исходящих нет.
100000002954780100,terminal,0.62668,5,0.292122,Получено 133 400 ₸; плательщиков — 1; в выборке исходящих нет.
100000002648315100,peripheral,0.65,2,0.291772,"Роль не определена: плательщиков — 1, получателей — 2."
100000003074515100,peripheral,0.55,5,0.291587,Граница 4-го колена: вход 105 000 ₸; дальнейшие переводы неизвестны.
100000001317336100,peripheral,0.65,37,0.291571,"Роль не определена: плательщиков — 1, получателей — 2. Выход выше входа; отношение 13,35. Баланс неполон."
100000008525136100,peripheral,0.55,1,0.291538,Граница 4-го колена: вход 14 100 ₸; дальнейшие переводы неизвестны.
100000000941942100,terminal,0.626,3,0.29127,Получено 130 000 ₸; плательщиков — 1; в выборке исходящих нет.
100000002906470100,terminal,0.626,44,0.29127,Получено 130 000 ₸; плательщиков — 1; в выборке исходящих нет.
100000002686226100,peripheral,0.55,29,0.291102,Граница 4-го колена: вход 430 000 ₸; дальнейшие переводы неизвестны.
100000003073635100,terminal,0.625846,9,0.291076,Получено 129 231 ₸; плательщиков — 1; в выборке исходящих нет.
100000004232712100,peripheral,0.55,11,0.291021,Граница 4-го колена: вход 12 500 ₸; дальнейшие переводы неизвестны.
100000005402643100,peripheral,0.6,5,0.290714,"Роль не определена: плательщиков — 1, получателей — 1."
100000008695157100,peripheral,0.55,9,0.290662,Граница 4-го колена: вход 425 546 ₸; дальнейшие переводы неизвестны.
100000003180820100,peripheral,0.55,5,0.290652,Граница 4-го колена: вход 101 000 ₸; дальнейшие переводы неизвестны.
100000003271151100,terminal,0.625459,9,0.290585,Получено 127 294 ₸; плательщиков — 1; в выборке исходящих нет.
100000007745062100,peripheral,0.55,8,0.290417,Граница 4-го колена: вход 100 000 ₸; дальнейшие переводы неизвестны.
100000008343415100,peripheral,0.55,36,0.290417,Граница 4-го колена: вход 100 000 ₸; дальнейшие переводы неизвестны.
100000002728246100,peripheral,0.55,11,0.290208,Граница 4-го колена: вход 10 000 ₸; дальнейшие переводы неизвестны.
100000002981489100,peripheral,0.55,11,0.290208,Граница 4-го колена: вход 10 000 ₸; дальнейшие переводы неизвестны.
100000003632533100,peripheral,0.55,11,0.290208,Граница 4-го колена: вход 10 000 ₸; дальнейшие переводы неизвестны.
100000002454724100,terminal,0.625,34,0.29,Получено 125 000 ₸; плательщиков — 1; в выборке исходящих нет.
100000003022835100,terminal,0.625,3,0.29,Получено 125 000 ₸; плательщиков — 1; в выборке исходящих нет.
100000003366154100,peripheral,0.7,3,0.29,"Роль не определена: плательщиков — 1, получателей — 3. Выход выше входа; отношение 2,31. Баланс неполон."
100000003497735100,terminal,0.625,44,0.29,Получено 125 000 ₸; плательщиков — 1; в выборке исходящих нет.
100000008306857100,terminal,0.625,25,0.29,Получено 125 000 ₸; плательщиков — 1; в выборке исходящих нет.
100000008531186100,terminal,0.625,3,0.29,Получено 125 000 ₸; плательщиков — 1; в выборке исходящих нет.
100000000542087100,peripheral,0.55,21,0.289719,"Граница 4-го колена: вход 8 506,91 ₸; дальнейшие переводы неизвестны."
100000003792647100,peripheral,0.55,11,0.289552,Граница 4-го колена: вход 8 000 ₸; дальнейшие переводы неизвестны.
100000002695812100,peripheral,0.55,19,0.289226,Граница 4-го колена: вход 95 000 ₸; дальнейшие переводы неизвестны.
100000001276409100,peripheral,0.55,19,0.289169,Граница 4-го колена: вход 94 760 ₸; дальнейшие переводы неизвестны.
100000004800452100,peripheral,0.55,11,0.289071,"Граница 4-го колена: вход 6 544,53 ₸; дальнейшие переводы неизвестны."
100000000627521100,peripheral,0.55,31,0.289057,Граница 4-го колена: вход 6 500 ₸; дальнейшие переводы неизвестны.
100000005567828100,peripheral,0.55,19,0.288986,Граница 4-го колена: вход 94 000 ₸; дальнейшие переводы неизвестны.
100000008074304100,peripheral,0.55,11,0.288725,Граница 4-го колена: вход 5 500 ₸; дальнейшие переводы неизвестны.
100000000596954100,peripheral,0.65,3,0.28871,"Роль не определена: плательщиков — 1, получателей — 2."
100000000703894100,peripheral,0.6,28,0.28871,"Роль не определена: плательщиков — 1, получателей — 1."
100000005895525100,terminal,0.624,56,0.28871,Получено 120 000 ₸; плательщиков — 1; в выборке исходящих нет.
100000008598972100,terminal,0.624,36,0.28871,Получено 120 000 ₸; плательщиков — 1; в выборке исходящих нет.
100000000957746100,peripheral,0.55,29,0.288658,Граница 4-го колена: вход 5 300 ₸; дальнейшие переводы неизвестны.
100000005025629100,peripheral,0.55,11,0.288634,Граница 4-го колена: вход 5 227 ₸; дальнейшие переводы неизвестны.
100000000369781100,peripheral,0.55,11,0.288558,Граница 4-го колена: вход 5 000 ₸; дальнейшие переводы неизвестны.
100000003786516100,peripheral,0.55,1,0.288558,Граница 4-го колена: вход 5 000 ₸; дальнейшие переводы неизвестны.
100000006735545100,peripheral,0.55,9,0.288558,Граница 4-го колена: вход 5 000 ₸; дальнейшие переводы неизвестны.
100000004527381100,peripheral,0.6,4,0.288536,"Роль не определена: плательщиков — 1, получателей — 1. Выход выше входа; отношение 2,29. Баланс неполон."
100000002890167100,terminal,0.62363,17,0.288227,Получено 118 150 ₸; плательщиков — 1; в выборке исходящих нет.
100000006689603100,peripheral,0.55,9,0.288056,Граница 4-го колена: вход 400 000 ₸; дальнейшие переводы неизвестны.
100000002791494100,peripheral,0.55,19,0.286997,Граница 4-го колена: вход 85 860 ₸; дальнейшие переводы неизвестны.
100000002769809100,terminal,0.622684,44,0.28698,Получено 113 422 ₸; плательщиков — 1; в выборке исходящих нет.
100000002530224100,terminal,0.6226,5,0.286868,Получено 113 000 ₸; плательщиков — 1; в выборке исходящих нет.
100000008583360100,peripheral,0.6,19,0.286826,"Роль не определена: плательщиков — 1, получателей — 1. Выход выше входа; отношение 1,51. Баланс неполон."
100000004292885100,terminal,0.62254,23,0.286788,Получено 112 700 ₸; плательщиков — 1; в выборке исходящих нет.
100000008735802100,peripheral,0.55,1,0.286784,Граница 4-го колена: вход 85 000 ₸; дальнейшие переводы неизвестны.
100000003292191100,terminal,0.6224,47,0.286601,Получено 112 000 ₸; плательщиков — 1; в выборке исходящих нет.
100000003001661100,distributor,0.666546,16,0.286066,Признаки распределения: получателей — 5; выход 439 500 ₸. Выход выше входа; отношение 4. Баланс неполон.
100000003484058100,peripheral,0.6,41,0.286066,"Роль не определена: плательщиков — 1, получателей — 1."
100000004659919100,peripheral,0.6,49,0.286066,"Роль не определена: плательщиков — 1, получателей — 1."
100000001851289100,terminal,0.621902,17,0.285934,Получено 109 510 ₸; плательщиков — 1; в выборке исходящих нет.
100000008624978100,terminal,0.6218,36,0.285796,Получено 109 000 ₸; плательщиков — 1; в выборке исходящих нет.
100000002969048100,terminal,0.621694,42,0.285653,Получено 108 470 ₸; плательщиков — 1; в выборке исходящих нет.
100000005475379100,peripheral,0.7,12,0.285626,"Роль не определена: плательщиков — 1, получателей — 3."
100000001471706100,peripheral,0.55,50,0.285579,Граница 4-го колена: вход 377 000 ₸; дальнейшие переводы неизвестны.
100000002462183100,terminal,0.6215,56,0.285391,Получено 107 500 ₸; плательщиков — 1; в выборке исходящих нет.
100000003989033100,peripheral,0.55,25,0.285179,Граница 4-го колена: вход 373 400 ₸; дальнейшие переводы неизвестны.
100000000440392100,terminal,0.621141,17,0.284903,Получено 105 705 ₸; плательщиков — 1; в выборке исходящих нет.
100000002152857100,distributor,0.691565,42,0.284711,"Признаки распределения: получателей — 5; выход 1 230 000 ₸. Выход выше входа; отношение 11,71. Баланс неполон."
100000006532229100,terminal,0.621,5,0.284711,Получено 105 000 ₸; плательщиков — 1; в выборке исходящих нет.
100000005878334100,peripheral,0.55,36,0.284616,Граница 4-го колена: вход 76 400 ₸; дальнейшие переводы неизвестны.
100000002729875100,peripheral,0.55,19,0.284514,Граница 4-го колена: вход 76 000 ₸; дальнейшие переводы неизвестны.
100000000802149100,terminal,0.620826,1,0.284472,Получено 104 128 ₸; плательщиков — 1; в выборке исходящих нет.
100000001524952100,terminal,0.620761,1,0.284384,Получено 103 807 ₸; плательщиков — 1; в выборке исходящих нет.
100000005539910100,peripheral,0.65,3,0.283887,"Роль не определена: плательщиков — 1, получателей — 2."
100000001065234100,peripheral,0.55,46,0.283663,Граница 4-го колена: вход 360 000 ₸; дальнейшие переводы неизвестны.
100000003112578100,terminal,0.620216,25,0.283633,Получено 101 080 ₸; плательщиков — 1; в выборке исходящих нет.
100000002550141100,terminal,0.620117,9,0.283496,Получено 100 586 ₸; плательщиков — 1; в выборке исходящих нет.
100000002087788100,terminal,0.6201,11,0.283472,Получено 100 500 ₸; плательщиков — 1; в выборке исходящих нет.
100000008724461100,peripheral,0.6,5,0.283364,"Роль не определена: плательщиков — 1, получателей — 1. Выход выше входа; отношение 1,3. Баланс неполон."
100000000810551100,peripheral,0.6,3,0.283333,"Роль не определена: плательщиков — 1, получателей — 1."
100000000998559100,terminal,0.62,3,0.283333,Получено 100 000 ₸; плательщиков — 1; в выборке исходящих нет.
100000002540623100,terminal,0.62,12,0.283333,Получено 100 000 ₸; плательщиков — 1; в выборке исходящих нет.
100000002757797100,terminal,0.62,8,0.283333,Получено 100 000 ₸; плательщиков — 1; в выборке исходящих нет.
100000002877262100,terminal,0.62,5,0.283333,Получено 100 000 ₸; плательщиков — 1; в выборке исходящих нет.
100000003147719100,terminal,0.62,5,0.283333,Получено 100 000 ₸; плательщиков — 1; в выборке исходящих нет.
100000003321423100,terminal,0.62,54,0.283333,Получено 100 000 ₸; плательщиков — 1; в выборке исходящих нет.
100000003880331100,distributor,0.807623,9,0.283333,"Признаки распределения: получателей — 16; выход 3 904 908 ₸. Выход выше входа; отношение 39,05. Баланс неполон."
100000004671609100,terminal,0.62,25,0.283333,Получено 100 000 ₸; плательщиков — 1; в выборке исходящих нет.
100000005241556100,terminal,0.62,36,0.283333,Получено 100 000 ₸; плательщиков — 1; в выборке исходящих нет.
100000005474472100,terminal,0.62,22,0.283333,Получено 100 000 ₸; плательщиков — 1; в выборке исходящих нет.
100000006100920100,terminal,0.62,1,0.283333,Получено 100 000 ₸; плательщиков — 1; в выборке исходящих нет.
100000007170072100,transit,0.8875,9,0.283333,"Признаки транзита: вход 100 000 ₸; дальше отправлено 99,5% наблюдаемого входа."
100000007536804100,peripheral,0.65,2,0.283333,"Роль не определена: плательщиков — 1, получателей — 2."
100000007653003100,terminal,0.62,29,0.283333,Получено 100 000 ₸; плательщиков — 1; в выборке исходящих нет.
100000007797290100,peripheral,0.6,1,0.283333,"Роль не определена: плательщиков — 1, получателей — 1."
100000008070101100,terminal,0.62,5,0.283333,Получено 100 000 ₸; плательщиков — 1; в выборке исходящих нет.
100000008332511100,terminal,0.62,25,0.283333,Получено 100 000 ₸; плательщиков — 1; в выборке исходящих нет.
100000008417029100,terminal,0.62,5,0.283333,Получено 100 000 ₸; плательщиков — 1; в выборке исходящих нет.
100000008596924100,terminal,0.62,42,0.283333,Получено 100 000 ₸; плательщиков — 1; в выборке исходящих нет.
100000003470579100,peripheral,0.55,15,0.283317,Граница 4-го колена: вход 357 000 ₸; дальнейшие переводы неизвестны.
100000005897462100,terminal,0.61968,12,0.282888,Получено 98 400 ₸; плательщиков — 1; в выборке исходящих нет.
100000000979923100,terminal,0.61958,12,0.282748,Получено 97 900 ₸; плательщиков — 1; в выборке исходящих нет.
100000002692044100,terminal,0.6194,8,0.282496,Получено 97 000 ₸; плательщиков — 1; в выборке исходящих нет.
100000003102157100,terminal,0.619349,1,0.282425,Получено 96 746 ₸; плательщиков — 1; в выборке исходящих нет.
100000001848426100,terminal,0.619106,42,0.282082,Получено 95 530 ₸; плательщиков — 1; в выборке исходящих нет.
100000002705460100,terminal,0.619,17,0.281933,Получено 95 000 ₸; плательщиков — 1; в выборке исходящих нет.
100000004360785100,terminal,0.618941,17,0.281849,Получено 94 705 ₸; плательщиков — 1; в выборке исходящих нет.
100000002539625100,terminal,0.61894,5,0.281848,Получено 94 700 ₸; плательщиков — 1; в выборке исходящих нет.
100000005974542100,terminal,0.6189,30,0.281791,Получено 94 500 ₸; плательщиков — 1; в выборке исходящих нет.
100000000917179100,terminal,0.618893,41,0.281782,Получено 94 465 ₸; плательщиков — 1; в выборке исходящих нет.
100000002599729100,peripheral,0.55,1,0.281641,Граница 4-го колена: вход 65 000 ₸; дальнейшие переводы неизвестны.
100000003060187100,terminal,0.618609,44,0.281379,Получено 93 046 ₸; плательщиков — 1; в выборке исходящих нет.
100000003073398100,terminal,0.618592,42,0.281355,Получено 92 960 ₸; плательщиков — 1; в выборке исходящих нет.
100000004722630100,peripheral,0.55,7,0.28131,Граница 4-го колена: вход 340 000 ₸; дальнейшие переводы неизвестны.
100000001648936100,terminal,0.618548,42,0.281292,Получено 92 740 ₸; плательщиков — 1; в выборке исходящих нет.
100000003239379100,terminal,0.6185,8,0.281224,Получено 92 500 ₸; плательщиков — 1; в выборке исходящих нет.
100000003664994100,peripheral,0.55,67,0.281101,Граница 4-го колена: вход 338 271 ₸; дальнейшие переводы неизвестны.
100000003087877100,terminal,0.618297,36,0.280934,Получено 91 486 ₸; плательщиков — 1; в выборке исходящих нет.
100000003215448100,peripheral,0.65,9,0.280884,"Роль не определена: плательщиков — 1, получателей — 2. Выход выше входа; отношение 1,36. Баланс неполон."
100000004451012100,peripheral,0.7,44,0.280865,"Роль не определена: плательщиков — 1, получателей — 3."
100000002779485100,terminal,0.6182,9,0.280795,Получено 91 000 ₸; плательщиков — 1; в выборке исходящих нет.
100000006445501100,terminal,0.6182,12,0.280795,Получено 91 000 ₸; плательщиков — 1; в выборке исходящих нет.
100000000031787100,transit,0.895,2,0.280508,Признаки транзита: вход 90 000 ₸; дальше отправлено 100% наблюдаемого входа.
100000003132484100,terminal,0.618,5,0.280508,Получено 90 000 ₸; плательщиков — 1; в выборке исходящих нет.
100000004225615100,terminal,0.618,5,0.280508,Получено 90 000 ₸; плательщиков — 1; в выборке исходящих нет.
100000005061890100,terminal,0.618,3,0.280508,Получено 90 000 ₸; плательщиков — 1; в выборке исходящих нет.
100000005203590100,terminal,0.618,42,0.280508,Получено 90 000 ₸; плательщиков — 1; в выборке исходящих нет.
100000005316708100,peripheral,0.65,25,0.280508,"Роль не определена: плательщиков — 1, получателей — 2. Выход выше входа; отношение 2,86. Баланс неполон."
100000008634520100,terminal,0.618,5,0.280508,Получено 90 000 ₸; плательщиков — 1; в выборке исходящих нет.
100000000945428100,terminal,0.617926,1,0.280402,Получено 89 629 ₸; плательщиков — 1; в выборке исходящих нет.
100000001733216100,peripheral,0.55,1,0.280298,Граница 4-го колена: вход 60 000 ₸; дальнейшие переводы неизвестны.
100000002505277100,peripheral,0.55,1,0.280298,Граница 4-го колена: вход 60 000 ₸; дальнейшие переводы неизвестны.
100000004777215100,peripheral,0.55,33,0.280298,Граница 4-го колена: вход 60 000 ₸; дальнейшие переводы неизвестны.
100000007042175100,peripheral,0.55,1,0.280298,Граница 4-го колена: вход 60 000 ₸; дальнейшие переводы неизвестны.
100000000971908100,terminal,0.6178,42,0.280221,Получено 89 000 ₸; плательщиков — 1; в выборке исходящих нет.
100000002983426100,terminal,0.617789,19,0.280205,Получено 88 945 ₸; плательщиков — 1; в выборке исходящих нет.
100000004134060100,terminal,0.617636,36,0.279984,Получено 88 179 ₸; плательщиков — 1; в выборке исходящих нет.
100000002835874100,peripheral,0.55,5,0.279944,Граница 4-го колена: вход 58 700 ₸; дальнейшие переводы неизвестны.
100000002752565100,peripheral,0.55,9,0.27948,Граница 4-го колена: вход 57 000 ₸; дальнейшие переводы неизвестны.
100000007020162100,terminal,0.617279,41,0.279466,Получено 86 395 ₸; плательщиков — 1; в выборке исходящих нет.
100000003123296100,terminal,0.61724,8,0.27941,Получено 86 200 ₸; плательщиков — 1; в выборке исходящих нет.
100000001632325100,terminal,0.61712,23,0.279235,Получено 85 600 ₸; плательщиков — 1; в выборке исходящих нет.
100000002926970100,terminal,0.617,19,0.27906,Получено 85 000 ₸; плательщиков — 1; в выборке исходящих нет.
100000002947299100,terminal,0.617,3,0.27906,Получено 85 000 ₸; плательщиков — 1; в выборке исходящих нет.
100000003970394100,terminal,0.617,8,0.27906,Получено 85 000 ₸; плательщиков — 1; в выборке исходящих нет.
100000008737514100,terminal,0.617,4,0.27906,Получено 85 000 ₸; плательщиков — 1; в выборке исходящих нет.
100000006595426100,terminal,0.61696,1,0.279001,Получено 84 800 ₸; плательщиков — 1; в выборке исходящих нет.
100000002662768100,terminal,0.61686,3,0.278855,Получено 84 300 ₸; плательщиков — 1; в выборке исходящих нет.
100000002870937100,terminal,0.61674,2,0.278679,Получено 83 700 ₸; плательщиков — 1; в выборке исходящих нет.
100000001046057100,terminal,0.616684,5,0.278597,Получено 83 420 ₸; плательщиков — 1; в выборке исходящих нет.
100000008729597100,terminal,0.616618,9,0.2785,Получено 83 090 ₸; плательщиков — 1; в выборке исходящих нет.
100000003207060100,peripheral,0.55,1,0.278376,Граница 4-го колена: вход 53 000 ₸; дальнейшие переводы неизвестны.
100000006745291100,terminal,0.616507,12,0.278336,Получено 82 534 ₸; плательщиков — 1; в выборке исходящих нет.
100000007754369100,terminal,0.616485,1,0.278304,Получено 82 424 ₸; плательщиков — 1; в выборке исходящих нет.
100000008174521100,terminal,0.616422,17,0.278211,Получено 82 110 ₸; плательщиков — 1; в выборке исходящих нет.
100000001138283100,peripheral,0.65,9,0.278121,"Роль не определена: плательщиков — 1, получателей — 2."
100000007510567100,peripheral,0.55,19,0.278098,Граница 4-го колена: вход 52 000 ₸; дальнейшие переводы неизвестны.
100000003865939100,terminal,0.616293,69,0.278021,Получено 81 465 ₸; плательщиков — 1; в выборке исходящих нет.
100000002432143100,terminal,0.616262,3,0.277975,Получено 81 310 ₸; плательщиков — 1; в выборке исходящих нет.
100000001362940100,terminal,0.6162,3,0.277883,Получено 81 000 ₸; плательщиков — 1; в выборке исходящих нет.
100000002621434100,terminal,0.6162,5,0.277883,Получено 81 000 ₸; плательщиков — 1; в выборке исходящих нет.
100000002566204100,terminal,0.616161,12,0.277825,Получено 80 805 ₸; плательщиков — 1; в выборке исходящих нет.
100000000640800100,peripheral,0.7,9,0.277586,"Роль не определена: плательщиков — 1, получателей — 4. Выход выше входа; отношение 6,48. Баланс неполон."
100000004019056100,peripheral,0.55,13,0.277538,Граница 4-го колена: вход 50 000 ₸; дальнейшие переводы неизвестны.
100000007731977100,peripheral,0.55,1,0.277538,Граница 4-го колена: вход 50 000 ₸; дальнейшие переводы неизвестны.
100000008308418100,peripheral,0.55,1,0.277538,Граница 4-го колена: вход 50 000 ₸; дальнейшие переводы неизвестны.
100000003568904100,peripheral,0.55,13,0.277256,Граница 4-го колена: вход 49 000 ₸; дальнейшие переводы неизвестны.
100000004261340100,peripheral,0.55,1,0.277115,Граница 4-го колена: вход 48 500 ₸; дальнейшие переводы неизвестны.
100000001952325100,terminal,0.615578,23,0.276956,Получено 77 888 ₸; плательщиков — 1; в выборке исходящих нет.
100000002689717100,peripheral,0.55,19,0.276832,Граница 4-го колена: вход 47 500 ₸; дальнейшие переводы неизвестны.
100000003636627100,peripheral,0.6,42,0.27669,"Роль не определена: плательщиков — 1, получателей — 1."
100000005628518100,terminal,0.6154,44,0.27669,Получено 77 000 ₸; плательщиков — 1; в выборке исходящих нет.
100000008737422100,terminal,0.615381,23,0.276661,Получено 76 903 ₸; плательщиков — 1; в выборке исходящих нет.
100000003447411100,peripheral,0.55,9,0.276515,Граница 4-го колена: вход 302 000 ₸; дальнейшие переводы неизвестны.
100000008628818100,peripheral,0.55,19,0.276494,Граница 4-го колена: вход 46 310 ₸; дальнейшие переводы неизвестны.
100000005931985100,terminal,0.6152,25,0.276389,Получено 76 000 ₸; плательщиков — 1; в выборке исходящих нет.
100000008712827100,terminal,0.6152,23,0.276389,Получено 76 000 ₸; плательщиков — 1; в выборке исходящих нет.
100000006901046100,peripheral,0.6,17,0.276329,"Роль не определена: плательщиков — 1, получателей — 1."
100000004318918100,terminal,0.61512,12,0.276268,Получено 75 600 ₸; плательщиков — 1; в выборке исходящих нет.
100000008730021100,terminal,0.615111,4,0.276255,Получено 75 555 ₸; плательщиков — 1; в выборке исходящих нет.
100000000375150100,peripheral,0.55,13,0.27625,Граница 4-го колена: вход 300 000 ₸; дальнейшие переводы неизвестны.
100000001311175100,peripheral,0.55,25,0.27625,Граница 4-го колена: вход 300 000 ₸; дальнейшие переводы неизвестны.
100000003128638100,peripheral,0.55,5,0.27625,Граница 4-го колена: вход 300 000 ₸; дальнейшие переводы неизвестны.
100000004006327100,peripheral,0.55,5,0.27625,Граница 4-го колена: вход 300 000 ₸; дальнейшие переводы неизвестны.
100000003061115100,peripheral,0.55,1,0.27612,Граница 4-го колена: вход 45 000 ₸; дальнейшие переводы неизвестны.
100000007153161100,peripheral,0.55,1,0.276119,Граница 4-го колена: вход 44 997 ₸; дальнейшие переводы неизвестны.
100000005572303100,peripheral,0.6,17,0.276087,"Роль не определена: плательщиков — 1, получателей — 1."
100000008193258100,peripheral,0.6,29,0.276087,"Роль не определена: плательщиков — 1, получателей — 1."
100000008671929100,terminal,0.615,3,0.276087,Получено 75 000 ₸; плательщиков — 1; в выборке исходящих нет.
100000008251939100,peripheral,0.55,19,0.275937,Граница 4-го колена: вход 44 360 ₸; дальнейшие переводы неизвестны.
100000003232675100,peripheral,0.55,13,0.275833,Граница 4-го колена: вход 44 000 ₸; дальнейшие переводы неизвестны.
100000008002020100,peripheral,0.6,8,0.275741,"Роль не определена: плательщиков — 1, получателей — 1."
100000004792397100,terminal,0.614704,23,0.275638,Получено 73 520 ₸; плательщиков — 1; в выборке исходящих нет.
100000008718811100,terminal,0.61466,23,0.275571,Получено 73 300 ₸; плательщиков — 1; в выборке исходящих нет.
100000006030946100,terminal,0.614658,23,0.275568,Получено 73 289 ₸; плательщиков — 1; в выборке исходящих нет.
100000002306369100,distributor,0.705205,3,0.27553,"Признаки распределения: получателей — 6; выход 260 900 ₸. Выход выше входа; отношение 3,57. Баланс неполон."
100000002488629100,terminal,0.61461,42,0.275495,Получено 73 050 ₸; плательщиков — 1; в выборке исходящих нет.
100000002757791100,terminal,0.61461,42,0.275495,Получено 73 050 ₸; плательщиков — 1; в выборке исходящих нет.
100000006490615100,peripheral,0.55,13,0.275141,Граница 4-го колена: вход 41 600 ₸; дальнейшие переводы неизвестны.
100000006534886100,peripheral,0.6,17,0.275083,"Роль не определена: плательщиков — 1, получателей — 1. Выход выше входа; отношение 2,34. Баланс неполон."
100000006952718100,terminal,0.614298,17,0.275019,Получено 71 489 ₸; плательщиков — 1; в выборке исходящих нет.
100000000910216100,peripheral,0.6,3,0.274869,"Роль не определена: плательщиков — 1, получателей — 1."
100000003677936100,peripheral,0.6,2,0.274869,"Роль не определена: плательщиков — 1, получателей — 1."
100000001052789100,terminal,0.614195,44,0.274861,Получено 70 975 ₸; плательщиков — 1; в выборке исходящих нет.
100000004890713100,peripheral,0.55,19,0.274817,Граница 4-го колена: вход 40 485 ₸; дальнейшие переводы неизвестны.
100000001220124100,peripheral,0.55,9,0.274676,Граница 4-го колена: вход 40 000 ₸; дальнейшие переводы неизвестны.
100000003091142100,peripheral,0.55,1,0.274676,Граница 4-го колена: вход 40 000 ₸; дальнейшие переводы неизвестны.
100000006351075100,peripheral,0.55,66,0.274676,Граница 4-го колена: вход 40 000 ₸; дальнейшие переводы неизвестны.
100000001380986100,terminal,0.614034,5,0.274614,Получено 70 170 ₸; плательщиков — 1; в выборке исходящих нет.
100000002666248100,terminal,0.614006,3,0.274571,Получено 70 032 ₸; плательщиков — 1; в выборке исходящих нет.
100000000817146100,terminal,0.614004,17,0.274568,Получено 70 020 ₸; плательщиков — 1; в выборке исходящих нет.
100000000733451100,peripheral,0.6,13,0.274561,"Роль не определена: плательщиков — 1, получателей — 1. Выход выше входа; отношение 4,29. Баланс неполон."
100000000976943100,transit,0.58,12,0.274561,"Признаки транзита: вход 70 000 ₸; дальше отправлено 120% наблюдаемого входа. Выход выше входа; отношение 1,2. Баланс неполон."
100000001853812100,terminal,0.614,9,0.274561,Получено 70 000 ₸; плательщиков — 1; в выборке исходящих нет.
100000002445750100,peripheral,0.6,1,0.274561,"Роль не определена: плательщиков — 1, получателей — 1."
100000003406094100,peripheral,0.7,17,0.274561,"Роль не определена: плательщиков — 1, получателей — 3."
100000005079754100,peripheral,0.65,3,0.274561,"Роль не определена: плательщиков — 1, получателей — 2. Выход выше входа; отношение 1,74. Баланс неполон."
100000005877725100,terminal,0.614,23,0.274561,Получено 70 000 ₸; плательщиков — 1; в выборке исходящих нет.
100000006008169100,terminal,0.614,8,0.274561,Получено 70 000 ₸; плательщиков — 1; в выборке исходящих нет.
100000003284932100,terminal,0.613985,3,0.274538,Получено 69 925 ₸; плательщиков — 1; в выборке исходящих нет.
100000004420041100,distributor,0.717672,8,0.27445,"Признаки распределения: получателей — 7; выход 651 830 ₸. Выход выше входа; отношение 9,36. Баланс неполон."
100000008776420100,terminal,0.6139,23,0.274407,Получено 69 500 ₸; плательщиков — 1; в выборке исходящих нет.
100000005308954100,peripheral,0.6,17,0.274259,"Роль не определена: плательщиков — 1, получателей — 1."
100000004744306100,peripheral,0.65,50,0.274253,"Роль не определена: плательщиков — 1, получателей — 2. Выход выше входа; отношение 1,33. Баланс неполон."
100000002188586100,peripheral,0.55,19,0.274182,Граница 4-го колена: вход 38 310 ₸; дальнейшие переводы неизвестны.
100000008121806100,peripheral,0.7,9,0.273633,"Роль не определена: плательщиков — 1, получателей — 4. Выход выше входа; отношение 3,71. Баланс неполон."
100000004192865100,terminal,0.613333,28,0.273529,Получено 66 666 ₸; плательщиков — 1; в выборке исходящих нет.
100000002596039100,peripheral,0.55,9,0.273526,Граница 4-го колена: вход 280 000 ₸; дальнейшие переводы неизвестны.
100000002457464100,terminal,0.613329,3,0.273523,Получено 66 647 ₸; плательщиков — 1; в выборке исходящих нет.
100000006706519100,peripheral,0.55,1,0.273501,Граница 4-го колена: вход 36 000 ₸; дальнейшие переводы неизвестны.
100000002860934100,peripheral,0.55,16,0.273456,Граница 4-го колена: вход 279 500 ₸; дальнейшие переводы неизвестны.
100000002778085100,terminal,0.613242,17,0.273386,Получено 66 208 ₸; плательщиков — 1; в выборке исходящих нет.
100000008712991100,terminal,0.61322,23,0.273353,Получено 66 100 ₸; плательщиков — 1; в выборке исходящих нет.
100000002236528100,terminal,0.6132,2,0.273322,Получено 66 000 ₸; плательщиков — 1; в выборке исходящих нет.
100000001746925100,peripheral,0.6,3,0.273087,"Роль не определена: плательщиков — 1, получателей — 1."
100000002199091100,terminal,0.613,23,0.273009,Получено 65 000 ₸; плательщиков — 1; в выборке исходящих нет.
100000002511825100,terminal,0.613,1,0.273009,Получено 65 000 ₸; плательщиков — 1; в выборке исходящих нет.
100000002478829100,peripheral,0.55,33,0.272907,Граница 4-го колена: вход 34 000 ₸; дальнейшие переводы неизвестны.
100000002194320100,peripheral,0.55,46,0.272823,Граница 4-го колена: вход 275 000 ₸; дальнейшие переводы неизвестны.
100000008595687100,peripheral,0.6,17,0.272819,"Роль не определена: плательщиков — 1, получателей — 1."
100000005608515100,terminal,0.6128,2,0.272695,Получено 64 000 ₸; плательщиков — 1; в выборке исходящих нет.
100000006111442100,terminal,0.6128,5,0.272695,Получено 64 000 ₸; плательщиков — 1; в выборке исходящих нет.
100000006989106100,terminal,0.6128,2,0.272695,Получено 64 000 ₸; плательщиков — 1; в выборке исходящих нет.
100000004526651100,peripheral,0.55,5,0.272609,Граница 4-го колена: вход 33 000 ₸; дальнейшие переводы неизвестны.
100000002702968100,peripheral,0.55,19,0.272189,Граница 4-го колена: вход 31 600 ₸; дальнейшие переводы неизвестны.
100000003567087100,terminal,0.612423,23,0.2721,Получено 62 115 ₸; плательщиков — 1; в выборке исходящих нет.
100000002660298100,peripheral,0.55,19,0.271978,Граница 4-го колена: вход 30 900 ₸; дальнейшие переводы неизвестны.
100000002844652100,terminal,0.612272,2,0.271861,Получено 61 360 ₸; плательщиков — 1; в выборке исходящих нет.
100000001378288100,peripheral,0.55,9,0.271823,Граница 4-го колена: вход 268 000 ₸; дальнейшие переводы неизвестны.
100000003448713100,peripheral,0.55,9,0.271642,Граница 4-го колена: вход 266 750 ₸; дальнейшие переводы неизвестны.
100000001737722100,terminal,0.612092,3,0.271575,Получено 60 460 ₸; плательщиков — 1; в выборке исходящих нет.
100000002904919100,peripheral,0.6,1,0.271532,"Роль не определена: плательщиков — 1, получателей — 1."
100000003154105100,distributor,0.699831,33,0.271429,"Признаки распределения: получателей — 7; выход 338 000 ₸. Выход выше входа; отношение 5,63. Баланс неполон."
100000003192220100,terminal,0.612,6,0.271429,Получено 60 000 ₸; плательщиков — 1; в выборке исходящих нет.
100000008765627100,terminal,0.612,42,0.271429,Получено 60 000 ₸; плательщиков — 1; в выборке исходящих нет.
100000003040087100,peripheral,0.55,19,0.271403,Граница 4-го колена: вход 29 000 ₸; дальнейшие переводы неизвестны.
100000001270470100,peripheral,0.55,1,0.27119,Граница 4-го колена: вход 28 300 ₸; дальнейшие переводы неизвестны.
100000002506987100,peripheral,0.55,19,0.271159,Граница 4-го колена: вход 28 200 ₸; дальнейшие переводы неизвестны.
100000001805543100,terminal,0.6118,17,0.271109,Получено 59 000 ₸; плательщиков — 1; в выборке исходящих нет.
100000008701256100,terminal,0.61165,1,0.270869,Получено 58 250 ₸; плательщиков — 1; в выборке исходящих нет.
100000004241142100,peripheral,0.55,1,0.270824,Граница 4-го колена: вход 27 102 ₸; дальнейшие переводы неизвестны.
100000004788983100,peripheral,0.55,1,0.270793,Граница 4-го колена: вход 27 000 ₸; дальнейшие переводы неизвестны.
100000002380341100,terminal,0.611513,1,0.270649,"Получено 57 566,4 ₸; плательщиков — 1; в выборке исходящих нет."
100000002845605100,terminal,0.611513,1,0.270649,Получено 57 567 ₸; плательщиков — 1; в выборке исходящих нет.
100000003739818100,terminal,0.611459,3,0.270561,Получено 57 293 ₸; плательщиков — 1; в выборке исходящих нет.
100000008028628100,terminal,0.611445,23,0.270539,Получено 57 224 ₸; плательщиков — 1; в выборке исходящих нет.
100000004150593100,distributor,0.756306,17,0.270467,"Признаки распределения: получателей — 11; выход 871 165 ₸. Выход выше входа; отношение 15,28. Баланс неполон."
100000001052945100,peripheral,0.7,45,0.270312,"Роль не определена: плательщиков — 1, получателей — 3. Выход выше входа; отношение 28,23. Баланс неполон."
100000002229615100,peripheral,0.55,33,0.270179,Граница 4-го колена: вход 25 000 ₸; дальнейшие переводы неизвестны.
100000004291663100,peripheral,0.55,1,0.270179,Граница 4-го колена: вход 25 000 ₸; дальнейшие переводы неизвестны.
100000008588665100,peripheral,0.55,1,0.270179,Граница 4-го колена: вход 25 000 ₸; дальнейшие переводы неизвестны.
100000008071749100,peripheral,0.55,19,0.270161,Граница 4-го колена: вход 24 943 ₸; дальнейшие переводы неизвестны.
100000002305007100,terminal,0.6112,23,0.270144,Получено 56 000 ₸; плательщиков — 1; в выборке исходящих нет.
100000002864680100,terminal,0.611186,8,0.270122,Получено 55 932 ₸; плательщиков — 1; в выборке исходящих нет.
100000003971049100,terminal,0.61118,1,0.270112,Получено 55 900 ₸; плательщиков — 1; в выборке исходящих нет.
100000002891765100,terminal,0.611115,41,0.270007,Получено 55 576 ₸; плательщиков — 1; в выборке исходящих нет.
100000008745489100,terminal,0.611108,23,0.269995,Получено 55 539 ₸; плательщиков — 1; в выборке исходящих нет.
100000001379511100,terminal,0.611,5,0.26982,Получено 55 000 ₸; плательщиков — 1; в выборке исходящих нет.
100000001382002100,transit,0.839091,1,0.26982,"Признаки транзита: вход 55 000 ₸; дальше отправлено 102,7% наблюдаемого входа. Выход выше входа; отношение 1,03. Баланс неполон."
100000002852402100,terminal,0.611,4,0.26982,Получено 55 000 ₸; плательщиков — 1; в выборке исходящих нет.
100000006664478100,transit,0.758636,42,0.26982,"Признаки транзита: вход 55 000 ₸; дальше отправлено 109,1% наблюдаемого входа. Выход выше входа; отношение 1,09. Баланс неполон."
100000008259451100,terminal,0.611,41,0.26982,Получено 55 000 ₸; плательщиков — 1; в выборке исходящих нет.
100000008736760100,terminal,0.610951,23,0.269741,Получено 54 757 ₸; плательщиков — 1; в выборке исходящих нет.
100000008405209100,terminal,0.61088,29,0.269625,Получено 54 400 ₸; плательщиков — 1; в выборке исходящих нет.
100000008629581100,terminal,0.610837,3,0.269555,Получено 54 184 ₸; плательщиков — 1; в выборке исходящих нет.
100000008008463100,terminal,0.610836,42,0.269553,Получено 54 180 ₸; плательщиков — 1; в выборке исходящих нет.
100000004410489100,terminal,0.6108,3,0.269495,Получено 54 000 ₸; плательщиков — 1; в выборке исходящих нет.
100000001554432100,terminal,0.610784,3,0.269469,Получено 53 920 ₸; плательщиков — 1; в выборке исходящих нет.
100000006385877100,peripheral,0.6,5,0.269399,"Роль не определена: плательщиков — 1, получателей — 1."
100000000533217100,terminal,0.610717,1,0.26936,Получено 53 587 ₸; плательщиков — 1; в выборке исходящих нет.
100000001696818100,terminal,0.61071,3,0.269348,Получено 53 550 ₸; плательщиков — 1; в выборке исходящих нет.
100000008219168100,terminal,0.61064,2,0.269234,Получено 53 200 ₸; плательщиков — 1; в выборке исходящих нет.
100000008746673100,terminal,0.61061,23,0.269184,Получено 53 048 ₸; плательщиков — 1; в выборке исходящих нет.
100000004984689100,terminal,0.610606,9,0.269178,Получено 53 030 ₸; плательщиков — 1; в выборке исходящих нет.
100000001241318100,terminal,0.6106,1,0.269168,Получено 53 000 ₸; плательщиков — 1; в выборке исходящих нет.
100000001937767100,peripheral,0.7,41,0.269168,"Роль не определена: плательщиков — 1, получателей — 4. Выход выше входа; отношение 36,47. Баланс неполон."
100000003037660100,terminal,0.6106,3,0.269168,Получено 53 000 ₸; плательщиков — 1; в выборке исходящих нет.
100000006894637100,terminal,0.610566,1,0.269113,Получено 52 831 ₸; плательщиков — 1; в выборке исходящих нет.
100000005357705100,peripheral,0.7,9,0.269036,"Роль не определена: плательщиков — 1, получателей — 4. Выход выше входа; отношение 7,36. Баланс неполон."
100000007303047100,terminal,0.61045,23,0.268923,Получено 52 250 ₸; плательщиков — 1; в выборке исходящих нет.
100000004257714100,terminal,0.610444,23,0.268913,Получено 52 220 ₸; плательщиков — 1; в выборке исходящих нет.
100000004841728100,terminal,0.610442,23,0.268909,Получено 52 208 ₸; плательщиков — 1; в выборке исходящих нет.
100000008701944100,terminal,0.610425,4,0.268881,Получено 52 124 ₸; плательщиков — 1; в выборке исходящих нет.
100000008684452100,terminal,0.61036,23,0.268775,Получено 51 800 ₸; плательщиков — 1; в выборке исходящих нет.
100000002691858100,terminal,0.6103,43,0.268676,Получено 51 500 ₸; плательщиков — 1; в выборке исходящих нет.
100000004336228100,terminal,0.610281,9,0.268646,Получено 51 407 ₸; плательщиков — 1; в выборке исходящих нет.
100000000500040100,peripheral,0.55,1,0.268622,Граница 4-го колена: вход 20 000 ₸; дальнейшие переводы неизвестны.
100000000655469100,peripheral,0.55,33,0.268622,Граница 4-го колена: вход 20 000 ₸; дальнейшие переводы неизвестны.
100000001845505100,peripheral,0.55,9,0.268622,Граница 4-го колена: вход 20 000 ₸; дальнейшие переводы неизвестны.
100000004791226100,peripheral,0.55,1,0.268622,Граница 4-го колена: вход 20 000 ₸; дальнейшие переводы неизвестны.
100000004988240100,peripheral,0.55,1,0.268622,Граница 4-го колена: вход 20 000 ₸; дальнейшие переводы неизвестны.
100000006512787100,peripheral,0.55,1,0.268622,Граница 4-го колена: вход 20 000 ₸; дальнейшие переводы неизвестны.
100000007988344100,peripheral,0.55,1,0.268622,Граница 4-го колена: вход 20 000 ₸; дальнейшие переводы неизвестны.
100000002757240100,terminal,0.610237,3,0.268572,Получено 51 183 ₸; плательщиков — 1; в выборке исходящих нет.
100000002489253100,terminal,0.6102,17,0.268512,Получено 51 000 ₸; плательщиков — 1; в выборке исходящих нет.
100000004066647100,terminal,0.6102,44,0.268512,Получено 51 000 ₸; плательщиков — 1; в выборке исходящих нет.
100000008304115100,terminal,0.6102,8,0.268512,Получено 51 000 ₸; плательщиков — 1; в выборке исходящих нет.
100000004644615100,peripheral,0.65,25,0.268449,"Роль не определена: плательщиков — 1, получателей — 2. Выход выше входа; отношение 7,47. Баланс неполон."
100000008043184100,terminal,0.610113,29,0.268368,Получено 50 564 ₸; плательщиков — 1; в выборке исходящих нет.
100000002774456100,terminal,0.610073,12,0.268302,Получено 50 363 ₸; плательщиков — 1; в выборке исходящих нет.
100000008352542100,terminal,0.610044,3,0.268255,Получено 50 220 ₸; плательщиков — 1; в выборке исходящих нет.
100000003899325100,terminal,0.610024,9,0.268221,Получено 50 120 ₸; плательщиков — 1; в выборке исходящих нет.
100000000724540100,peripheral,0.6,36,0.268182,"Роль не определена: плательщиков — 1, получателей — 1. Выход выше входа; отношение 2. Баланс неполон."
100000000795374100,terminal,0.61,9,0.268182,Получено 50 000 ₸; плательщиков — 1; в выборке исходящих нет.
100000001102676100,transit,0.88,3,0.268182,Признаки транзита: вход 50 000 ₸; дальше отправлено 100% наблюдаемого входа.
100000001194266100,terminal,0.61,3,0.268182,Получено 50 000 ₸; плательщиков — 1; в выборке исходящих нет.
100000001250022100,terminal,0.61,42,0.268182,Получено 50 000 ₸; плательщиков — 1; в выборке исходящих нет.
100000001550388100,terminal,0.61,1,0.268182,Получено 50 000 ₸; плательщиков — 1; в выборке исходящих нет.
100000001745217100,terminal,0.61,1,0.268182,Получено 50 000 ₸; плательщиков — 1; в выборке исходящих нет.
100000001782980100,peripheral,0.6,28,0.268182,"Роль не определена: плательщиков — 1, получателей — 1. Выход выше входа; отношение 11,92. Баланс неполон."
100000002369443100,terminal,0.61,23,0.268182,Получено 50 000 ₸; плательщиков — 1; в выборке исходящих нет.
100000002842337100,terminal,0.61,2,0.268182,Получено 50 000 ₸; плательщиков — 1; в выборке исходящих нет.
100000003476560100,terminal,0.61,3,0.268182,Получено 50 000 ₸; плательщиков — 1; в выборке исходящих нет.
100000003711830100,terminal,0.61,9,0.268182,Получено 50 000 ₸; плательщиков — 1; в выборке исходящих нет.
100000003922499100,terminal,0.61,8,0.268182,Получено 50 000 ₸; плательщиков — 1; в выборке исходящих нет.
100000004356593100,peripheral,0.6,3,0.268182,"Роль не определена: плательщиков — 1, получателей — 1."
100000004424023100,peripheral,0.6,25,0.268182,"Роль не определена: плательщиков — 1, получателей — 1. Выход выше входа; отношение 2. Баланс неполон."
100000004491749100,terminal,0.61,42,0.268182,Получено 50 000 ₸; плательщиков — 1; в выборке исходящих нет.
100000005142589100,terminal,0.61,1,0.268182,Получено 50 000 ₸; плательщиков — 1; в выборке исходящих нет.
100000006687202100,terminal,0.61,1,0.268182,Получено 50 000 ₸; плательщиков — 1; в выборке исходящих нет.
100000007534354100,peripheral,0.7,25,0.268182,"Роль не определена: плательщиков — 1, получателей — 3. Выход выше входа; отношение 2,96. Баланс неполон."
100000008628231100,peripheral,0.65,75,0.268182,"Роль не определена: плательщиков — 1, получателей — 2. Выход выше входа; отношение 12,56. Баланс неполон."
100000008647905100,peripheral,0.65,44,0.268182,"Роль не определена: плательщиков — 1, получателей — 2. Выход выше входа; отношение 6,88. Баланс неполон."
100000008772058100,terminal,0.61,23,0.268182,Получено 50 000 ₸; плательщиков — 1; в выборке исходящих нет.
100000008774237100,peripheral,0.6,35,0.268182,"Роль не определена: плательщиков — 1, получателей — 1."
100000001083990100,terminal,0.60998,8,0.268149,Получено 49 900 ₸; плательщиков — 1; в выборке исходящих нет.
100000008713685100,terminal,0.60994,23,0.268083,Получено 49 700 ₸; плательщиков — 1; в выборке исходящих нет.
100000008782421100,terminal,0.609936,23,0.268076,Получено 49 680 ₸; плательщиков — 1; в выборке исходящих нет.
100000002748040100,peripheral,0.55,19,0.267991,Граница 4-го колена: вход 18 000 ₸; дальнейшие переводы неизвестны.
100000001279875100,terminal,0.609847,25,0.267929,Получено 49 235 ₸; плательщиков — 1; в выборке исходящих нет.
100000008557672100,terminal,0.609825,23,0.267892,Получено 49 125 ₸; плательщиков — 1; в выборке исходящих нет.
100000006169033100,peripheral,0.7,67,0.267851,"Роль не определена: плательщиков — 1, получателей — 3. Выход выше входа; отношение 23,27. Баланс неполон."
100000003292979100,terminal,0.60979,3,0.267834,Получено 48 950 ₸; плательщиков — 1; в выборке исходящих нет.
100000005226217100,peripheral,0.55,5,0.267832,Граница 4-го колена: вход 17 500 ₸; дальнейшие переводы неизвестны.
100000001249054100,peripheral,0.55,19,0.267792,Граница 4-го колена: вход 17 375 ₸; дальнейшие переводы неизвестны.
100000004610802100,peripheral,0.55,57,0.26779,Граница 4-го колена: вход 241 000 ₸; дальнейшие переводы неизвестны.
100000008677518100,terminal,0.60974,23,0.267751,Получено 48 700 ₸; плательщиков — 1; в выборке исходящих нет.
100000006994985100,peripheral,0.6,42,0.267685,"Роль не определена: плательщиков — 1, получателей — 1."
100000001808684100,peripheral,0.6,42,0.267651,"Роль не определена: плательщиков — 1, получателей — 1."
100000002611334100,peripheral,0.6,1,0.267614,"Роль не определена: плательщиков — 1, получателей — 1."
100000001597424100,terminal,0.60962,41,0.267552,Получено 48 100 ₸; плательщиков — 1; в выборке исходящих нет.
100000002952631100,terminal,0.60961,17,0.267535,Получено 48 050 ₸; плательщиков — 1; в выборке исходящих нет.
100000000981693100,peripheral,0.55,1,0.267514,Граница 4-го колена: вход 16 500 ₸; дальнейшие переводы неизвестны.
100000003096787100,peripheral,0.55,19,0.267482,Граница 4-го колена: вход 16 400 ₸; дальнейшие переводы неизвестны.
100000008699083100,peripheral,0.55,25,0.267402,Граница 4-го колена: вход 238 500 ₸; дальнейшие переводы неизвестны.
100000002750956100,terminal,0.609483,1,0.267324,Получено 47 416 ₸; плательщиков — 1; в выборке исходящих нет.
100000002528978100,peripheral,0.55,19,0.267323,Граница 4-го колена: вход 15 900 ₸; дальнейшие переводы неизвестны.
100000002862113100,terminal,0.609481,41,0.26732,Получено 47 405 ₸; плательщиков — 1; в выборке исходящих нет.
100000005961971100,terminal,0.609471,23,0.267303,Получено 47 353 ₸; плательщиков — 1; в выборке исходящих нет.
100000008749618100,terminal,0.609456,23,0.267278,Получено 47 280 ₸; плательщиков — 1; в выборке исходящих нет.
100000001160401100,terminal,0.609438,1,0.267248,Получено 47 190 ₸; плательщиков — 1; в выборке исходящих нет.
100000000922570100,transit,0.787677,8,0.267218,"Признаки транзита: вход 47 101 ₸; дальше отправлено 106,2% наблюдаемого входа. Выход выше входа; отношение 1,06. Баланс неполон."
100000008745725100,terminal,0.609412,23,0.267205,Получено 47 060 ₸; плательщиков — 1; в выборке исходящих нет.
100000008768896100,terminal,0.609412,23,0.267205,Получено 47 060 ₸; плательщиков — 1; в выборке исходящих нет.
100000002952756100,terminal,0.6094,25,0.267185,Получено 47 000 ₸; плательщиков — 1; в выборке исходящих нет.
100000008655779100,peripheral,0.65,16,0.267185,"Роль не определена: плательщиков — 1, получателей — 2."
100000002301828100,terminal,0.609395,29,0.267177,Получено 46 977 ₸; плательщиков — 1; в выборке исходящих нет.
100000008071620100,terminal,0.609394,1,0.267174,Получено 46 968 ₸; плательщиков — 1; в выборке исходящих нет.
100000002838519100,terminal,0.60938,41,0.267151,Получено 46 900 ₸; плательщиков — 1; в выборке исходящих нет.
100000002733083100,peripheral,0.55,19,0.267099,Граница 4-го колена: вход 15 200 ₸; дальнейшие переводы неизвестны.
100000003016773100,terminal,0.609311,5,0.267036,Получено 46 555 ₸; плательщиков — 1; в выборке исходящих нет.
100000003083865100,peripheral,0.55,19,0.267035,Граница 4-го колена: вход 15 000 ₸; дальнейшие переводы неизвестны.
100000003166017100,peripheral,0.55,19,0.267035,Граница 4-го колена: вход 15 000 ₸; дальнейшие переводы неизвестны.
100000003622955100,peripheral,0.55,12,0.267035,Граница 4-го колена: вход 15 000 ₸; дальнейшие переводы неизвестны.
100000008524903100,peripheral,0.55,1,0.267035,Граница 4-го колена: вход 15 000 ₸; дальнейшие переводы неизвестны.
100000008349675100,peripheral,0.6,2,0.267024,"Роль не определена: плательщиков — 1, получателей — 1."
100000002703376100,terminal,0.6093,1,0.267018,Получено 46 501 ₸; плательщиков — 1; в выборке исходящих нет.
100000001549194100,terminal,0.6093,41,0.267017,Получено 46 500 ₸; плательщиков — 1; в выборке исходящих нет.
100000002373144100,peripheral,0.6,1,0.267007,"Роль не определена: плательщиков — 1, получателей — 1."
100000000790311100,terminal,0.60926,4,0.26695,Получено 46 300 ₸; плательщиков — 1; в выборке исходящих нет.
100000002847207100,terminal,0.609249,3,0.266931,Получено 46 243 ₸; плательщиков — 1; в выборке исходящих нет.
100000004096559100,terminal,0.60924,2,0.266917,Получено 46 200 ₸; плательщиков — 1; в выборке исходящих нет.
100000005495211100,peripheral,0.55,1,0.266874,Граница 4-го колена: вход 14 500 ₸; дальнейшие переводы неизвестны.
100000002479804100,peripheral,0.65,3,0.26685,"Роль не определена: плательщиков — 1, получателей — 2."
100000005782886100,peripheral,0.55,5,0.266714,Граница 4-го колена: вход 14 000 ₸; дальнейшие переводы неизвестны.
100000008710913100,peripheral,0.55,5,0.266714,Граница 4-го колена: вход 14 000 ₸; дальнейшие переводы неизвестны.
100000005539201100,peripheral,0.6,17,0.266683,"Роль не определена: плательщиков — 1, получателей — 1."
100000008754747100,terminal,0.6091,23,0.266682,Получено 45 500 ₸; плательщиков — 1; в выборке исходящих нет.
100000008680912100,peripheral,0.6,1,0.266551,"Роль не определена: плательщиков — 1, получателей — 1."
100000001703168100,peripheral,0.6,3,0.266514,"Роль не определена: плательщиков — 1, получателей — 1. Выход выше входа; отношение 2. Баланс неполон."
100000002232266100,terminal,0.609,9,0.266514,Получено 45 000 ₸; плательщиков — 1; в выборке исходящих нет.
100000002863356100,peripheral,0.6,23,0.266514,"Роль не определена: плательщиков — 1, получателей — 1."
100000005799271100,terminal,0.609,12,0.266514,Получено 45 000 ₸; плательщиков — 1; в выборке исходящих нет.
100000007861311100,terminal,0.609,2,0.266514,Получено 45 000 ₸; плательщиков — 1; в выборке исходящих нет.
100000008728457100,terminal,0.609,12,0.266514,Получено 45 000 ₸; плательщиков — 1; в выборке исходящих нет.
100000004167082100,peripheral,0.55,13,0.266488,Граница 4-го колена: вход 13 300 ₸; дальнейшие переводы неизвестны.
100000007997939100,peripheral,0.55,5,0.266391,Граница 4-го колена: вход 13 000 ₸; дальнейшие переводы неизвестны.
100000002529877100,peripheral,0.55,25,0.26638,Граница 4-го колена: вход 232 000 ₸; дальнейшие переводы неизвестны.
100000002908521100,terminal,0.6089,23,0.266345,Получено 44 500 ₸; плательщиков — 1; в выборке исходящих нет.
100000008772246100,terminal,0.6089,23,0.266345,Получено 44 500 ₸; плательщиков — 1; в выборке исходящих нет.
100000000978041100,terminal,0.608889,23,0.266327,Получено 44 445 ₸; плательщиков — 1; в выборке исходящих нет.
100000004254434100,terminal,0.608889,23,0.266327,Получено 44 445 ₸; плательщиков — 1; в выборке исходящих нет.
100000008744849100,terminal,0.608889,23,0.266327,Получено 44 445 ₸; плательщиков — 1; в выборке исходящих нет.
100000008688881100,terminal,0.608842,23,0.266248,Получено 44 211 ₸; плательщиков — 1; в выборке исходящих нет.
100000004386286100,peripheral,0.55,8,0.26623,Граница 4-го колена: вход 12 500 ₸; дальнейшие переводы неизвестны.
100000005754335100,terminal,0.608807,67,0.266189,Получено 44 037 ₸; плательщиков — 1; в выборке исходящих нет.
100000008782800100,terminal,0.608676,23,0.265967,Получено 43 381 ₸; плательщиков — 1; в выборке исходящих нет.
100000008687617100,terminal,0.60867,23,0.265957,Получено 43 350 ₸; плательщиков — 1; в выборке исходящих нет.
100000008661585100,terminal,0.608628,23,0.265886,Получено 43 141 ₸; плательщиков — 1; в выборке исходящих нет.
100000005008589100,terminal,0.608561,1,0.265772,"Получено 42 806,68 ₸; плательщиков — 1; в выборке исходящих нет."
100000008776298100,terminal,0.60856,23,0.26577,Получено 42 800 ₸; плательщиков — 1; в выборке исходящих нет.
100000007381662100,peripheral,0.55,1,0.265743,Граница 4-го колена: вход 11 000 ₸; дальнейшие переводы неизвестны.
100000002182176100,terminal,0.608493,1,0.265656,Получено 42 465 ₸; плательщиков — 1; в выборке исходящих нет.
100000001818442100,terminal,0.608443,19,0.265571,Получено 42 215 ₸; плательщиков — 1; в выборке исходящих нет.
100000006471232100,terminal,0.60836,23,0.26543,Получено 41 800 ₸; плательщиков — 1; в выборке исходящих нет.
100000003146511100,peripheral,0.55,13,0.265417,Граница 4-го колена: вход 10 000 ₸; дальнейшие переводы неизвестны.
100000003904497100,peripheral,0.55,5,0.265417,Граница 4-го колена: вход 10 000 ₸; дальнейшие переводы неизвестны.
100000004981068100,peripheral,0.55,9,0.265417,Граница 4-го колена: вход 10 000 ₸; дальнейшие переводы неизвестны.
100000005041147100,peripheral,0.55,1,0.265417,Граница 4-го колена: вход 10 000 ₸; дальнейшие переводы неизвестны.
100000006171671100,peripheral,0.55,1,0.265417,Граница 4-го колена: вход 10 000 ₸; дальнейшие переводы неизвестны.
100000008758106100,peripheral,0.55,5,0.265417,Граница 4-го колена: вход 10 000 ₸; дальнейшие переводы неизвестны.
100000008761132100,peripheral,0.55,5,0.265417,Граница 4-го колена: вход 10 000 ₸; дальнейшие переводы неизвестны.
100000008761220100,peripheral,0.55,5,0.265417,Граница 4-го колена: вход 10 000 ₸; дальнейшие переводы неизвестны.
100000008717340100,terminal,0.6083,23,0.265328,Получено 41 500 ₸; плательщиков — 1; в выборке исходящих нет.
100000002748581100,terminal,0.608236,41,0.265219,Получено 41 180 ₸; плательщиков — 1; в выборке исходящих нет.
100000006746688100,terminal,0.6082,23,0.265157,Получено 41 000 ₸; плательщиков — 1; в выборке исходящих нет.
100000008417359100,peripheral,0.65,29,0.265092,"Роль не определена: плательщиков — 1, получателей — 2. Выход выше входа; отношение 2,71. Баланс неполон."
100000006903193100,peripheral,0.55,1,0.265089,Граница 4-го колена: вход 9 000 ₸; дальнейшие переводы неизвестны.
100000008745474100,terminal,0.608112,23,0.265006,Получено 40 559 ₸; плательщиков — 1; в выборке исходящих нет.
100000000408846100,terminal,0.6081,15,0.264986,Получено 40 500 ₸; плательщиков — 1; в выборке исходящих нет.
100000003831201100,terminal,0.6081,1,0.264986,Получено 40 500 ₸; плательщиков — 1; в выборке исходящих нет.
100000001418900100,terminal,0.608028,23,0.264863,Получено 40 140 ₸; плательщиков — 1; в выборке исходящих нет.
100000004979283100,terminal,0.608026,19,0.26486,Получено 40 132 ₸; плательщиков — 1; в выборке исходящих нет.
100000000297649100,peripheral,0.6,8,0.264815,"Роль не определена: плательщиков — 1, получателей — 1. Выход выше входа; отношение 1,76. Баланс неполон."
100000000933075100,peripheral,0.65,8,0.264815,"Роль не определена: плательщиков — 1, получателей — 2. Выход выше входа; отношение 1,38. Баланс неполон."
100000001825934100,peripheral,0.6,27,0.264815,"Роль не определена: плательщиков — 1, получателей — 1. Выход выше входа; отношение 2,42. Баланс неполон."
100000003003821100,terminal,0.608,3,0.264815,Получено 40 000 ₸; плательщиков — 1; в выборке исходящих нет.
100000003877908100,terminal,0.608,3,0.264815,Получено 40 000 ₸; плательщиков — 1; в выборке исходящих нет.
100000004509286100,terminal,0.608,3,0.264815,Получено 40 000 ₸; плательщиков — 1; в выборке исходящих нет.
100000005100475100,terminal,0.608,42,0.264815,Получено 40 000 ₸; плательщиков — 1; в выборке исходящих нет.
100000006369769100,terminal,0.608,23,0.264815,Получено 40 000 ₸; плательщиков — 1; в выборке исходящих нет.
100000008237827100,terminal,0.608,3,0.264815,Получено 40 001 ₸; плательщиков — 1; в выборке исходящих нет.
100000002951898100,terminal,0.607998,41,0.264811,Получено 39 990 ₸; плательщиков — 1; в выборке исходящих нет.
100000002597074100,peripheral,0.55,1,0.26476,Граница 4-го колена: вход 8 000 ₸; дальнейшие переводы неизвестны.
100000004433250100,peripheral,0.55,1,0.26476,Граница 4-го колена: вход 8 000 ₸; дальнейшие переводы неизвестны.
100000008686234100,terminal,0.607956,1,0.264739,Получено 39 778 ₸; плательщиков — 1; в выборке исходящих нет.
100000007938486100,terminal,0.6079,23,0.264643,Получено 39 500 ₸; плательщиков — 1; в выборке исходящих нет.
100000004848236100,peripheral,0.55,1,0.264596,Граница 4-го колена: вход 7 500 ₸; дальнейшие переводы неизвестны.
100000007618425100,terminal,0.60787,29,0.264591,Получено 39 348 ₸; плательщиков — 1; в выборке исходящих нет.
100000008735384100,terminal,0.607844,23,0.264547,Получено 39 220 ₸; плательщиков — 1; в выборке исходящих нет.
100000004094958100,transit,0.841538,72,0.264471,"Признаки транзита: вход 39 000 ₸; дальше отправлено 102,6% наблюдаемого входа. Выход выше входа; отношение 1,03. Баланс неполон."
100000008771819100,terminal,0.60778,23,0.264437,Получено 38 900 ₸; плательщиков — 1; в выборке исходящих нет.
100000004488265100,terminal,0.607748,9,0.264382,Получено 38 740 ₸; плательщиков — 1; в выборке исходящих нет.
100000001307612100,terminal,0.607697,23,0.264293,Получено 38 483 ₸; плательщиков — 1; в выборке исходящих нет.
100000002809896100,terminal,0.6076,19,0.264126,Получено 38 000 ₸; плательщиков — 1; в выборке исходящих нет.
100000007274584100,terminal,0.6076,3,0.264126,Получено 38 000 ₸; плательщиков — 1; в выборке исходящих нет.
100000008321975100,peripheral,0.55,33,0.264066,Граница 4-го колена: вход 5 900 ₸; дальнейшие переводы неизвестны.
100000005661829100,transit,0.792909,44,0.264054,"Признаки транзита: вход 37 790 ₸; дальше отправлено 106,8% наблюдаемого входа. Выход выше входа; отношение 1,07. Баланс неполон."
100000002580377100,peripheral,0.6,17,0.26404,"Роль не определена: плательщиков — 1, получателей — 1."
100000004664515100,terminal,0.607538,1,0.26402,Получено 37 691 ₸; плательщиков — 1; в выборке исходящих нет.
100000006789108100,terminal,0.6075,12,0.263953,Получено 37 500 ₸; плательщиков — 1; в выборке исходящих нет.
100000008687671100,terminal,0.6075,23,0.263953,Получено 37 500 ₸; плательщиков — 1; в выборке исходящих нет.
100000008333492100,peripheral,0.55,61,0.263851,Граница 4-го колена: вход 216 400 ₸; дальнейшие переводы неизвестны.
100000008671081100,terminal,0.60744,23,0.26385,Получено 37 200 ₸; плательщиков — 1; в выборке исходящих нет.
100000002369510100,terminal,0.60743,23,0.263832,Получено 37 150 ₸; плательщиков — 1; в выборке исходящих нет.
100000008749405100,terminal,0.60743,23,0.263832,Получено 37 150 ₸; плательщиков — 1; в выборке исходящих нет.
100000003216073100,peripheral,0.6,36,0.263781,"Роль не определена: плательщиков — 1, получателей — 1. Выход выше входа; отношение 1,89. Баланс неполон."
100000002211413100,terminal,0.6074,23,0.26378,Получено 37 000 ₸; плательщиков — 1; в выборке исходящих нет.
100000003214786100,peripheral,0.55,1,0.263767,Граница 4-го колена: вход 5 000 ₸; дальнейшие переводы неизвестны.
100000004107228100,peripheral,0.55,3,0.263767,Граница 4-го колена: вход 5 000 ₸; дальнейшие переводы неизвестны.
100000004472936100,peripheral,0.55,13,0.263767,Граница 4-го колена: вход 5 000 ₸; дальнейшие переводы неизвестны.
100000005209352100,peripheral,0.55,1,0.263767,Граница 4-го колена: вход 5 000 ₸; дальнейшие переводы неизвестны.
100000008758607100,peripheral,0.55,5,0.263767,Граница 4-го колена: вход 5 000 ₸; дальнейшие переводы неизвестны.
100000008766031100,peripheral,0.55,5,0.263767,Граница 4-го колена: вход 5 000 ₸; дальнейшие переводы неизвестны.
100000008766764100,peripheral,0.55,5,0.263767,Граница 4-го колена: вход 5 000 ₸; дальнейшие переводы неизвестны.
100000008770483100,peripheral,0.55,61,0.263767,Граница 4-го колена: вход 5 000 ₸; дальнейшие переводы неизвестны.
100000008775747100,peripheral,0.55,5,0.263767,Граница 4-го колена: вход 5 000 ₸; дальнейшие переводы неизвестны.
100000003109805100,terminal,0.607386,29,0.263756,Получено 36 929 ₸; плательщиков — 1; в выборке исходящих нет.
100000002340562100,terminal,0.60733,2,0.263659,Получено 36 650 ₸; плательщиков — 1; в выборке исходящих нет.
100000008695133100,terminal,0.607322,23,0.263645,Получено 36 610 ₸; плательщиков — 1; в выборке исходящих нет.
100000008741372100,terminal,0.607195,23,0.263424,Получено 35 975 ₸; плательщиков — 1; в выборке исходящих нет.
100000008486520100,peripheral,0.6,17,0.263335,"Роль не определена: плательщиков — 1, получателей — 1."
100000001784279100,terminal,0.607135,1,0.263319,Получено 35 674 ₸; плательщиков — 1; в выборке исходящих нет.
100000005901606100,terminal,0.607132,23,0.263314,Получено 35 660 ₸; плательщиков — 1; в выборке исходящих нет.
100000002214383100,peripheral,0.55,23,0.263285,Граница 4-го колена: вход 213 000 ₸; дальнейшие переводы неизвестны.
100000008753193100,terminal,0.607045,23,0.263163,Получено 35 225 ₸; плательщиков — 1; в выборке исходящих нет.
100000000287768100,terminal,0.607034,1,0.263143,Получено 35 168 ₸; плательщиков — 1; в выборке исходящих нет.
100000001063678100,peripheral,0.65,30,0.263084,"Роль не определена: плательщиков — 1, получателей — 2. Выход выше входа; отношение 2,57. Баланс неполон."
100000003796063100,distributor,0.794959,11,0.263084,"Признаки распределения: получателей — 15; выход 959 150 ₸. Выход выше входа; отношение 27,4. Баланс неполон."
100000003832231100,terminal,0.607,3,0.263084,Получено 35 000 ₸; плательщиков — 1; в выборке исходящих нет.
100000004463277100,terminal,0.607,28,0.263084,Получено 35 000 ₸; плательщиков — 1; в выборке исходящих нет.
100000004494983100,terminal,0.607,23,0.263084,Получено 35 000 ₸; плательщиков — 1; в выборке исходящих нет.
100000008205937100,terminal,0.607,13,0.263084,Получено 35 000 ₸; плательщиков — 1; в выборке исходящих нет.
100000002028158100,terminal,0.60696,4,0.263014,Получено 34 800 ₸; плательщиков — 1; в выборке исходящих нет.
100000002589019100,terminal,0.606942,8,0.262983,Получено 34 710 ₸; плательщиков — 1; в выборке исходящих нет.
100000001557930100,terminal,0.606922,42,0.262948,Получено 34 610 ₸; плательщиков — 1; в выборке исходящих нет.
100000002736033100,peripheral,0.6,29,0.26292,"Роль не определена: плательщиков — 1, получателей — 1."
100000005237935150,terminal,0.606902,25,0.262912,Получено 34 508 ₸; плательщиков — 1; в выборке исходящих нет.
100000003044518100,terminal,0.606885,2,0.262882,Получено 34 423 ₸; плательщиков — 1; в выборке исходящих нет.
100000000954884100,terminal,0.6068,39,0.262734,Получено 34 000 ₸; плательщиков — 1; в выборке исходящих нет.
100000008406609100,terminal,0.6068,50,0.262734,Получено 34 000 ₸; плательщиков — 1; в выборке исходящих нет.
100000008667795100,terminal,0.6068,23,0.262734,Получено 34 000 ₸; плательщиков — 1; в выборке исходящих нет.
100000008667799100,terminal,0.6068,23,0.262734,Получено 34 000 ₸; плательщиков — 1; в выборке исходящих нет.
100000008503177100,terminal,0.60679,9,0.262717,Получено 33 951 ₸; плательщиков — 1; в выборке исходящих нет.
100000008695566100,terminal,0.60674,23,0.262629,Получено 33 700 ₸; плательщиков — 1; в выборке исходящих нет.
100000002810870100,terminal,0.606735,23,0.262621,Получено 33 677 ₸; плательщиков — 1; в выборке исходящих нет.
100000008470470100,terminal,0.606709,23,0.262575,Получено 33 547 ₸; плательщиков — 1; в выборке исходящих нет.
100000005849100100,terminal,0.60666,3,0.262488,Получено 33 300 ₸; плательщиков — 1; в выборке исходящих нет.
100000006967370100,peripheral,0.6,29,0.262462,"Роль не определена: плательщиков — 1, получателей — 1."
100000002737980100,terminal,0.60658,17,0.262348,Получено 32 900 ₸; плательщиков — 1; в выборке исходящих нет.
100000005481280100,peripheral,0.7,4,0.262277,"Роль не определена: плательщиков — 1, получателей — 3. Выход выше входа; отношение 1,53. Баланс неполон."
100000000611474100,terminal,0.6064,30,0.26203,Получено 32 000 ₸; плательщиков — 1; в выборке исходящих нет.
100000003219438100,terminal,0.6064,63,0.26203,Получено 32 000 ₸; плательщиков — 1; в выборке исходящих нет.
100000008696919100,terminal,0.606389,23,0.262011,Получено 31 945 ₸; плательщиков — 1; в выборке исходящих нет.
100000002158488100,terminal,0.606345,23,0.261932,Получено 31 723 ₸; плательщиков — 1; в выборке исходящих нет.
100000003072676100,terminal,0.606309,29,0.261869,Получено 31 545 ₸; плательщиков — 1; в выборке исходящих нет.
100000008779584100,terminal,0.60628,23,0.261818,Получено 31 400 ₸; плательщиков — 1; в выборке исходящих нет.
100000008116374100,terminal,0.606257,17,0.261777,Получено 31 284 ₸; плательщиков — 1; в выборке исходящих нет.
100000005326681100,terminal,0.606246,4,0.261757,Получено 31 228 ₸; плательщиков — 1; в выборке исходящих нет.
100000008684767100,terminal,0.60622,23,0.261712,Получено 31 100 ₸; плательщиков — 1; в выборке исходящих нет.
100000008769097100,terminal,0.60622,23,0.261712,Получено 31 100 ₸; плательщиков — 1; в выборке исходящих нет.
100000007982908100,terminal,0.606216,23,0.261704,Получено 31 080 ₸; плательщиков — 1; в выборке исходящих нет.
100000008736173100,terminal,0.606212,23,0.261697,Получено 31 060 ₸; плательщиков — 1; в выборке исходящих нет.
100000004099450100,terminal,0.6062,1,0.261676,Получено 31 000 ₸; плательщиков — 1; в выборке исходящих нет.
100000001684867100,terminal,0.60611,17,0.261516,Получено 30 550 ₸; плательщиков — 1; в выборке исходящих нет.
100000002628146100,terminal,0.6061,43,0.261499,Получено 30 500 ₸; плательщиков — 1; в выборке исходящих нет.
100000002324543100,terminal,0.60604,5,0.261393,Получено 30 202 ₸; плательщиков — 1; в выборке исходящих нет.
100000002794197100,terminal,0.60602,2,0.261356,Получено 30 100 ₸; плательщиков — 1; в выборке исходящих нет.
100000008465789100,distributor,0.807167,5,0.261356,"Признаки распределения: получателей — 16; выход 1 858 100 ₸. Выход выше входа; отношение 61,73. Баланс неполон."
100000001339466100,terminal,0.606,3,0.261321,Получено 30 000 ₸; плательщиков — 1; в выборке исходящих нет.
100000001852140100,terminal,0.606,53,0.261321,Получено 30 000 ₸; плательщиков — 1; в выборке исходящих нет.
100000002132479100,peripheral,0.6,41,0.261321,"Роль не определена: плательщиков — 1, получателей — 1."
100000002391278100,peripheral,0.6,42,0.261321,"Роль не определена: плательщиков — 1, получателей — 1. Выход выше входа; отношение 1,76. Баланс неполон."
100000002612809100,peripheral,0.7,27,0.261321,"Роль не определена: плательщиков — 1, получателей — 3. Выход выше входа; отношение 3,8. Баланс неполон."
100000002613776100,terminal,0.606,3,0.261321,Получено 30 000 ₸; плательщиков — 1; в выборке исходящих нет.
100000002820010100,terminal,0.606,42,0.261321,Получено 30 000 ₸; плательщиков — 1; в выборке исходящих нет.
100000003157333100,terminal,0.606,42,0.261321,Получено 30 000 ₸; плательщиков — 1; в выборке исходящих нет.
100000003888527100,terminal,0.606,67,0.261321,Получено 30 000 ₸; плательщиков — 1; в выборке исходящих нет.
100000003942602100,transit,0.88,23,0.261321,Признаки транзита: вход 30 000 ₸; дальше отправлено 100% наблюдаемого входа.
100000003980083100,terminal,0.606,62,0.261321,Получено 30 000 ₸; плательщиков — 1; в выборке исходящих нет.
100000004058740100,terminal,0.606,23,0.261321,Получено 30 000 ₸; плательщиков — 1; в выборке исходящих нет.
100000004687099100,terminal,0.606,2,0.261321,Получено 30 000 ₸; плательщиков — 1; в выборке исходящих нет.
100000004825069100,terminal,0.606,23,0.261321,Получено 30 000 ₸; плательщиков — 1; в выборке исходящих нет.
100000005082652100,terminal,0.606,2,0.261321,Получено 30 000 ₸; плательщиков — 1; в выборке исходящих нет.
100000005105153100,terminal,0.606,1,0.261321,Получено 30 000 ₸; плательщиков — 1; в выборке исходящих нет.
100000005264874100,peripheral,0.65,27,0.261321,"Роль не определена: плательщиков — 1, получателей — 2. Выход выше входа; отношение 2,6. Баланс неполон."
100000007131370100,transit,0.88,4,0.261321,Признаки транзита: вход 30 000 ₸; дальше отправлено 100% наблюдаемого входа.
100000008473765100,terminal,0.606,9,0.261321,Получено 30 000 ₸; плательщиков — 1; в выборке исходящих нет.
100000008545727100,distributor,0.690793,19,0.261321,"Признаки распределения: получателей — 6; выход 1 866 500 ₸. Выход выше входа; отношение 62,22. Баланс неполон."
100000008713270100,peripheral,0.7,42,0.261321,"Роль не определена: плательщиков — 1, получателей — 3. Выход выше входа; отношение 6,33. Баланс неполон."
100000008738658100,terminal,0.605984,23,0.261292,Получено 29 920 ₸; плательщиков — 1; в выборке исходящих нет.
100000008717375100,terminal,0.605901,3,0.261145,Получено 29 506 ₸; плательщиков — 1; в выборке исходящих нет.
100000001114385100,terminal,0.6059,3,0.261143,Получено 29 500 ₸; плательщиков — 1; в выборке исходящих нет.
100000002861485100,terminal,0.605865,17,0.261079,Получено 29 323 ₸; плательщиков — 1; в выборке исходящих нет.
100000003782913100,peripheral,0.55,41,0.261071,Граница 4-го колена: вход 200 000 ₸; дальнейшие переводы неизвестны.
100000004798515100,peripheral,0.55,8,0.261071,Граница 4-го колена: вход 200 000 ₸; дальнейшие переводы неизвестны.
100000008782056100,terminal,0.605816,23,0.260993,Получено 29 082 ₸; плательщиков — 1; в выборке исходящих нет.
100000005362848100,terminal,0.6058,19,0.260964,Получено 29 000 ₸; плательщиков — 1; в выборке исходящих нет.
100000007629121100,terminal,0.6058,3,0.260964,Получено 29 000 ₸; плательщиков — 1; в выборке исходящих нет.
100000008283183100,terminal,0.6058,23,0.260964,Получено 29 000 ₸; плательщиков — 1; в выборке исходящих нет.
100000005198498100,terminal,0.60576,23,0.260893,Получено 28 800 ₸; плательщиков — 1; в выборке исходящих нет.
100000002613929100,terminal,0.605712,5,0.260807,Получено 28 560 ₸; плательщиков — 1; в выборке исходящих нет.
100000008190411100,peripheral,0.55,5,0.260802,Граница 4-го колена: вход 198 450 ₸; дальнейшие переводы неизвестны.
100000002593038100,terminal,0.6057,8,0.260785,Получено 28 500 ₸; плательщиков — 1; в выборке исходящих нет.
100000008507703100,terminal,0.6057,23,0.260785,Получено 28 500 ₸; плательщиков — 1; в выборке исходящих нет.
100000008753061100,terminal,0.60568,23,0.260749,Получено 28 400 ₸; плательщиков — 1; в выборке исходящих нет.
100000008055972100,terminal,0.60566,23,0.260714,Получено 28 300 ₸; плательщиков — 1; в выборке исходящих нет.
100000007641183100,terminal,0.6056,17,0.260606,Получено 28 000 ₸; плательщиков — 1; в выборке исходящих нет.
100000008653041100,terminal,0.6056,23,0.260606,Получено 28 000 ₸; плательщиков — 1; в выборке исходящих нет.
100000001954903100,terminal,0.605424,12,0.260289,Получено 27 118 ₸; плательщиков — 1; в выборке исходящих нет.
100000000955529100,peripheral,0.6,3,0.260247,"Роль не определена: плательщиков — 1, получателей — 1. Выход выше входа; отношение 2,35. Баланс неполон."
100000001308856100,terminal,0.6054,23,0.260247,Получено 27 000 ₸; плательщиков — 1; в выборке исходящих нет.
100000002103448100,terminal,0.6054,23,0.260247,Получено 27 000 ₸; плательщиков — 1; в выборке исходящих нет.
100000005328215100,terminal,0.6054,12,0.260247,Получено 27 000 ₸; плательщиков — 1; в выборке исходящих нет.
100000006701983100,terminal,0.6054,23,0.260247,Получено 27 000 ₸; плательщиков — 1; в выборке исходящих нет.
100000008691495100,terminal,0.6054,23,0.260247,Получено 27 000 ₸; плательщиков — 1; в выборке исходящих нет.
100000008690762100,terminal,0.60535,23,0.260157,Получено 26 750 ₸; плательщиков — 1; в выборке исходящих нет.
100000002214570100,terminal,0.605294,23,0.260056,Получено 26 471 ₸; плательщиков — 1; в выборке исходящих нет.
100000001597505100,peripheral,0.6,43,0.260052,"Роль не определена: плательщиков — 1, получателей — 1."
100000008666075100,terminal,0.605243,23,0.259964,Получено 26 217 ₸; плательщиков — 1; в выборке исходящих нет.
100000004435304100,terminal,0.60524,23,0.259958,Получено 26 200 ₸; плательщиков — 1; в выборке исходящих нет.
100000004783447100,terminal,0.60524,23,0.259958,Получено 26 200 ₸; плательщиков — 1; в выборке исходящих нет.
100000005674387100,terminal,0.60524,23,0.259958,Получено 26 200 ₸; плательщиков — 1; в выборке исходящих нет.
100000006491272100,terminal,0.60524,23,0.259958,Получено 26 200 ₸; плательщиков — 1; в выборке исходящих нет.
100000008656043100,terminal,0.60524,23,0.259958,Получено 26 200 ₸; плательщиков — 1; в выборке исходящих нет.
100000008662216100,terminal,0.60524,23,0.259958,Получено 26 200 ₸; плательщиков — 1; в выборке исходящих нет.
100000008671129100,terminal,0.60524,23,0.259958,Получено 26 200 ₸; плательщиков — 1; в выборке исходящих нет.
100000008695689100,terminal,0.60524,23,0.259958,Получено 26 200 ₸; плательщиков — 1; в выборке исходящих нет.
100000008707810100,terminal,0.60524,23,0.259958,Получено 26 200 ₸; плательщиков — 1; в выборке исходящих нет.
100000008734364100,terminal,0.60524,23,0.259958,Получено 26 200 ₸; плательщиков — 1; в выборке исходящих нет.
100000004634420100,terminal,0.60523,23,0.25994,Получено 26 150 ₸; плательщиков — 1; в выборке исходящих нет.
100000008493007100,transit,0.88,23,0.25994,Признаки транзита: вход 26 150 ₸; дальше отправлено 100% наблюдаемого входа.
100000008717802100,terminal,0.60523,23,0.25994,Получено 26 150 ₸; плательщиков — 1; в выборке исходящих нет.
100000008764654100,terminal,0.60523,23,0.25994,Получено 26 150 ₸; плательщиков — 1; в выборке исходящих нет.
100000008776720100,terminal,0.60523,23,0.25994,Получено 26 150 ₸; плательщиков — 1; в выборке исходящих нет.
100000004218576100,terminal,0.605229,23,0.259938,Получено 26 144 ₸; плательщиков — 1; в выборке исходящих нет.
100000005092518100,terminal,0.605229,23,0.259938,Получено 26 144 ₸; плательщиков — 1; в выборке исходящих нет.
100000008773876100,terminal,0.605224,23,0.259929,Получено 26 120 ₸; плательщиков — 1; в выборке исходящих нет.
100000004064431100,peripheral,0.6,35,0.259886,"Роль не определена: плательщиков — 1, получателей — 1."
100000005228059100,terminal,0.6052,23,0.259886,Получено 26 000 ₸; плательщиков — 1; в выборке исходящих нет.
100000005394708100,peripheral,0.6,50,0.259886,"Роль не определена: плательщиков — 1, получателей — 1. Выход выше входа; отношение 2,5. Баланс неполон."
100000007793871100,terminal,0.6052,12,0.259886,Получено 26 000 ₸; плательщиков — 1; в выборке исходящих нет.
100000008757369100,peripheral,0.6,1,0.259872,"Роль не определена: плательщиков — 1, получателей — 1. Выход выше входа; отношение 2,25. Баланс неполон."
100000005634552100,peripheral,0.7,1,0.259832,"Роль не определена: плательщиков — 1, получателей — 3. Выход выше входа; отношение 46,27. Баланс неполон."
100000004741837100,terminal,0.605119,17,0.25974,Получено 25 596 ₸; плательщиков — 1; в выборке исходящих нет.
100000000703902100,terminal,0.6051,23,0.259705,Получено 25 499 ₸; плательщиков — 1; в выборке исходящих нет.
100000008697670100,terminal,0.60507,23,0.259651,Получено 25 350 ₸; плательщиков — 1; в выборке исходящих нет.
100000004213658100,terminal,0.605069,23,0.25965,Получено 25 347 ₸; плательщиков — 1; в выборке исходящих нет.
100000006326645100,terminal,0.605053,23,0.25962,Получено 25 264 ₸; плательщиков — 1; в выборке исходящих нет.
100000005532138100,terminal,0.605009,2,0.25954,Получено 25 046 ₸; плательщиков — 1; в выборке исходящих нет.
100000000560751100,terminal,0.605,13,0.259524,Получено 25 000 ₸; плательщиков — 1; в выборке исходящих нет.
100000001130176100,terminal,0.605,1,0.259524,Получено 25 000 ₸; плательщиков — 1; в выборке исходящих нет.
100000001831496100,peripheral,0.6,12,0.259524,"Роль не определена: плательщиков — 1, получателей — 1. Выход выше входа; отношение 14,92. Баланс неполон."
100000002680477100,terminal,0.605,25,0.259524,Получено 25 000 ₸; плательщиков — 1; в выборке исходящих нет.
100000002708624100,terminal,0.605,14,0.259524,Получено 25 000 ₸; плательщиков — 1; в выборке исходящих нет.
100000003246024100,peripheral,0.6,9,0.259524,"Роль не определена: плательщиков — 1, получателей — 1."
100000003617552100,terminal,0.605,28,0.259524,Получено 25 000 ₸; плательщиков — 1; в выборке исходящих нет.
100000004192107100,terminal,0.605,3,0.259524,Получено 25 000 ₸; плательщиков — 1; в выборке исходящих нет.
100000005233755100,peripheral,0.6,29,0.259524,"Роль не определена: плательщиков — 1, получателей — 1."
100000005561741100,terminal,0.605,19,0.259524,Получено 25 000 ₸; плательщиков — 1; в выборке исходящих нет.
100000005661528100,terminal,0.605,9,0.259524,Получено 25 000 ₸; плательщиков — 1; в выборке исходящих нет.
100000005809252100,terminal,0.605,11,0.259524,Получено 25 000 ₸; плательщиков — 1; в выборке исходящих нет.
100000005932987100,terminal,0.605,63,0.259524,Получено 25 000 ₸; плательщиков — 1; в выборке исходящих нет.
100000006679055100,terminal,0.605,3,0.259524,Получено 25 000 ₸; плательщиков — 1; в выборке исходящих нет.
100000007487729100,terminal,0.605,1,0.259524,Получено 25 000 ₸; плательщиков — 1; в выборке исходящих нет.
100000008383405100,terminal,0.605,22,0.259524,Получено 25 000 ₸; плательщиков — 1; в выборке исходящих нет.
100000008502995100,terminal,0.605,1,0.259524,Получено 25 000 ₸; плательщиков — 1; в выборке исходящих нет.
100000008531133100,peripheral,0.7,17,0.259524,"Роль не определена: плательщиков — 1, получателей — 3. Выход выше входа; отношение 6,33. Баланс неполон."
100000008664469100,terminal,0.605,3,0.259524,Получено 25 000 ₸; плательщиков — 1; в выборке исходящих нет.
100000008686214100,terminal,0.605,9,0.259524,Получено 25 000 ₸; плательщиков — 1; в выборке исходящих нет.
100000004622227100,peripheral,0.7,1,0.259499,"Роль не определена: плательщиков — 1, получателей — 3."
100000007898453100,peripheral,0.65,3,0.259433,"Роль не определена: плательщиков — 1, получателей — 2. Выход выше входа; отношение 12,93. Баланс неполон."
100000002554175100,terminal,0.604924,19,0.259386,Получено 24 621 ₸; плательщиков — 1; в выборке исходящих нет.
100000004140487100,distributor,0.75688,3,0.259346,"Признаки распределения: получателей — 10; выход 262 600 ₸. Выход выше входа; отношение 10,71. Баланс неполон."
100000002858835100,terminal,0.60488,23,0.259306,Получено 24 400 ₸; плательщиков — 1; в выборке исходящих нет.
100000002646887100,terminal,0.604871,5,0.259289,Получено 24 354 ₸; плательщиков — 1; в выборке исходящих нет.
100000008454065100,terminal,0.60481,41,0.259179,Получено 24 050 ₸; плательщиков — 1; в выборке исходящих нет.
100000008753897100,terminal,0.60481,23,0.259179,Получено 24 050 ₸; плательщиков — 1; в выборке исходящих нет.
100000008721637100,peripheral,0.65,42,0.259175,"Роль не определена: плательщиков — 1, получателей — 2. Выход выше входа; отношение 5,28. Баланс неполон."
100000003166755100,terminal,0.604802,3,0.259164,Получено 24 010 ₸; плательщиков — 1; в выборке исходящих нет.
100000001870116100,terminal,0.6048,23,0.25916,Получено 24 000 ₸; плательщиков — 1; в выборке исходящих нет.
100000002373386100,terminal,0.6048,23,0.25916,Получено 24 000 ₸; плательщиков — 1; в выборке исходящих нет.
100000003321895100,peripheral,0.65,55,0.25916,"Роль не определена: плательщиков — 1, получателей — 2. Выход выше входа; отношение 23,08. Баланс неполон."
100000008688476100,terminal,0.6048,23,0.25916,Получено 24 000 ₸; плательщиков — 1; в выборке исходящих нет.
100000008691168100,terminal,0.6048,23,0.25916,Получено 24 000 ₸; плательщиков — 1; в выборке исходящих нет.
100000008765494100,terminal,0.6048,23,0.25916,Получено 24 000 ₸; плательщиков — 1; в выборке исходящих нет.
100000001280798100,terminal,0.604757,19,0.259082,Получено 23 785 ₸; плательщиков — 1; в выборке исходящих нет.
100000005852946100,terminal,0.604749,3,0.259068,Получено 23 746 ₸; плательщиков — 1; в выборке исходящих нет.
100000003900547100,terminal,0.60474,17,0.259051,Получено 23 700 ₸; плательщиков — 1; в выборке исходящих нет.
100000008744364100,terminal,0.60474,23,0.259051,Получено 23 700 ₸; плательщиков — 1; в выборке исходящих нет.
100000008771814100,terminal,0.60474,23,0.259051,Получено 23 700 ₸; плательщиков — 1; в выборке исходящих нет.
100000002216999100,terminal,0.604735,23,0.259043,Получено 23 677 ₸; плательщиков — 1; в выборке исходящих нет.
100000008708368100,terminal,0.604735,23,0.259043,Получено 23 677 ₸; плательщиков — 1; в выборке исходящих нет.
100000008722328100,terminal,0.604735,23,0.259043,Получено 23 677 ₸; плательщиков — 1; в выборке исходящих нет.
100000003095610100,terminal,0.604733,19,0.259038,Получено 23 665 ₸; плательщиков — 1; в выборке исходящих нет.
100000002948492100,terminal,0.604732,41,0.259036,Получено 23 660 ₸; плательщиков — 1; в выборке исходящих нет.
100000001262647100,terminal,0.60473,4,0.259033,Получено 23 650 ₸; плательщиков — 1; в выборке исходящих нет.
100000002913340100,terminal,0.60472,23,0.259015,Получено 23 600 ₸; плательщиков — 1; в выборке исходящих нет.
100000008688155100,terminal,0.60472,23,0.259015,Получено 23 600 ₸; плательщиков — 1; в выборке исходящих нет.
100000008671026100,terminal,0.604707,23,0.25899,Получено 23 534 ₸; плательщиков — 1; в выборке исходящих нет.
100000008680451100,terminal,0.604707,23,0.25899,Получено 23 534 ₸; плательщиков — 1; в выборке исходящих нет.
100000003001564100,peripheral,0.6,17,0.258985,"Роль не определена: плательщиков — 1, получателей — 1. Выход выше входа; отношение 7,65. Баланс неполон."
100000002603478100,terminal,0.6047,8,0.258978,Получено 23 500 ₸; плательщиков — 1; в выборке исходящих нет.
100000004784224100,peripheral,0.6,22,0.258978,"Роль не определена: плательщиков — 1, получателей — 1. Выход выше входа; отношение 4,26. Баланс неполон."
100000008229700100,peripheral,0.6,8,0.258978,"Роль не определена: плательщиков — 1, получателей — 1."
100000003873332100,peripheral,0.7,44,0.258966,"Роль не определена: плательщиков — 1, получателей — 4. Выход выше входа; отношение 12,19. Баланс неполон."
100000001248999100,terminal,0.604685,29,0.258951,Получено 23 425 ₸; плательщиков — 1; в выборке исходящих нет.
100000007999728100,terminal,0.60465,41,0.258887,Получено 23 250 ₸; плательщиков — 1; в выборке исходящих нет.
100000001273783100,terminal,0.60464,12,0.258869,Получено 23 200 ₸; плательщиков — 1; в выборке исходящих нет.
100000002871199100,terminal,0.604637,41,0.258863,Получено 23 186 ₸; плательщиков — 1; в выборке исходящих нет.
100000008769636100,terminal,0.604624,23,0.258839,Получено 23 118 ₸; плательщиков — 1; в выборке исходящих нет.
100000007347733100,terminal,0.604601,84,0.258798,Получено 23 007 ₸; плательщиков — 1; в выборке исходящих нет.
100000001550419100,terminal,0.6046,41,0.258795,Получено 23 000 ₸; плательщиков — 1; в выборке исходящих нет.
100000003039473100,terminal,0.6046,17,0.258795,Получено 23 000 ₸; плательщиков — 1; в выборке исходящих нет.
100000004635886100,terminal,0.6046,17,0.258795,Получено 23 000 ₸; плательщиков — 1; в выборке исходящих нет.
100000008690932100,terminal,0.6046,23,0.258795,Получено 23 000 ₸; плательщиков — 1; в выборке исходящих нет.
100000008745863100,terminal,0.60458,23,0.258759,Получено 22 900 ₸; плательщиков — 1; в выборке исходящих нет.
100000008661550100,terminal,0.60456,23,0.258722,Получено 22 800 ₸; плательщиков — 1; в выборке исходящих нет.
100000001969496100,terminal,0.604548,41,0.2587,Получено 22 740 ₸; плательщиков — 1; в выборке исходящих нет.
100000004552204100,peripheral,0.65,43,0.258612,"Роль не определена: плательщиков — 1, получателей — 2."
100000002481735100,terminal,0.604487,17,0.258589,Получено 22 436 ₸; плательщиков — 1; в выборке исходящих нет.
100000004975919100,peripheral,0.65,9,0.258558,"Роль не определена: плательщиков — 1, получателей — 2."
100000002534091100,terminal,0.60444,9,0.258502,Получено 22 200 ₸; плательщиков — 1; в выборке исходящих нет.
100000006989232100,terminal,0.604439,1,0.2585,Получено 22 194 ₸; плательщиков — 1; в выборке исходящих нет.
100000004183610100,peripheral,0.6,13,0.258429,"Роль не определена: плательщиков — 1, получателей — 1. Выход выше входа; отношение 41,59. Баланс неполон."
100000005939154100,terminal,0.6044,17,0.258429,Получено 22 000 ₸; плательщиков — 1; в выборке исходящих нет.
100000008686247100,peripheral,0.6,22,0.258429,"Роль не определена: плательщиков — 1, получателей — 1."
100000008746025100,terminal,0.6044,23,0.258429,Получено 22 000 ₸; плательщиков — 1; в выборке исходящих нет.
100000001724740100,peripheral,0.55,5,0.258412,Граница 4-го колена: вход 185 000 ₸; дальнейшие переводы неизвестны.
100000002696152100,peripheral,0.65,54,0.258356,"Роль не определена: плательщиков — 1, получателей — 2. Выход выше входа; отношение 3,17. Баланс неполон."
100000003338583100,terminal,0.604353,35,0.258343,Получено 21 765 ₸; плательщиков — 1; в выборке исходящих нет.
100000001155773100,terminal,0.6043,23,0.258245,Получено 21 500 ₸; плательщиков — 1; в выборке исходящих нет.
100000002214301100,peripheral,0.6,1,0.258223,"Роль не определена: плательщиков — 1, получателей — 1."
100000008691330100,terminal,0.604288,23,0.258223,Получено 21 440 ₸; плательщиков — 1; в выборке исходящих нет.
100000000967918100,terminal,0.60424,1,0.258135,Получено 21 200 ₸; плательщиков — 1; в выборке исходящих нет.
100000008672603100,terminal,0.60424,3,0.258135,Получено 21 200 ₸; плательщиков — 1; в выборке исходящих нет.
100000003119550100,terminal,0.6042,23,0.258061,Получено 21 000 ₸; плательщиков — 1; в выборке исходящих нет.
100000008695495100,terminal,0.6042,23,0.258061,Получено 21 000 ₸; плательщиков — 1; в выборке исходящих нет.
100000008712036100,terminal,0.6042,23,0.258061,Получено 21 000 ₸; плательщиков — 1; в выборке исходящих нет.
100000008740793100,terminal,0.6042,23,0.258061,Получено 21 000 ₸; плательщиков — 1; в выборке исходящих нет.
100000008742266100,terminal,0.6042,23,0.258061,Получено 21 000 ₸; плательщиков — 1; в выборке исходящих нет.
100000008763688100,terminal,0.6042,23,0.258061,Получено 21 000 ₸; плательщиков — 1; в выборке исходящих нет.
100000006308406100,peripheral,0.55,33,0.258049,Граница 4-го колена: вход 183 000 ₸; дальнейшие переводы неизвестны.
100000002243354100,terminal,0.604176,23,0.258017,Получено 20 879 ₸; плательщиков — 1; в выборке исходящих нет.
100000006844004100,terminal,0.60412,1,0.257914,Получено 20 600 ₸; плательщиков — 1; в выборке исходящих нет.
100000002982252100,terminal,0.604064,23,0.257811,Получено 20 320 ₸; плательщиков — 1; в выборке исходящих нет.
100000008745643100,terminal,0.604063,23,0.257808,Получено 20 313 ₸; плательщиков — 1; в выборке исходящих нет.
100000002459163100,terminal,0.604036,40,0.257759,Получено 20 180 ₸; плательщиков — 1; в выборке исходящих нет.
100000000425407100,terminal,0.604,3,0.257692,Получено 20 000 ₸; плательщиков — 1; в выборке исходящих нет.
100000000607731100,peripheral,0.6,28,0.257692,"Роль не определена: плательщиков — 1, получателей — 1. Выход выше входа; отношение 3,33. Баланс неполон."
100000001420847100,terminal,0.604,44,0.257692,Получено 20 000 ₸; плательщиков — 1; в выборке исходящих нет.
100000001490461100,peripheral,0.6,19,0.257692,"Роль не определена: плательщиков — 1, получателей — 1."
100000001639766100,terminal,0.604,42,0.257692,Получено 20 000 ₸; плательщиков — 1; в выборке исходящих нет.
100000002289937100,terminal,0.604,23,0.257692,Получено 20 000 ₸; плательщиков — 1; в выборке исходящих нет.
100000002459164100,terminal,0.604,1,0.257692,Получено 20 000 ₸; плательщиков — 1; в выборке исходящих нет.
100000002546921100,terminal,0.604,41,0.257692,Получено 20 000 ₸; плательщиков — 1; в выборке исходящих нет.
100000002578653100,terminal,0.604,58,0.257692,Получено 20 000 ₸; плательщиков — 1; в выборке исходящих нет.
100000002984403100,peripheral,0.6,14,0.257692,"Роль не определена: плательщиков — 1, получателей — 1. Выход выше входа; отношение 1,25. Баланс неполон."
100000003594472100,terminal,0.604,37,0.257692,Получено 20 000 ₸; плательщиков — 1; в выборке исходящих нет.
100000004441291100,terminal,0.604,3,0.257692,Получено 20 000 ₸; плательщиков — 1; в выборке исходящих нет.
100000004467157100,peripheral,0.6,63,0.257692,"Роль не определена: плательщиков — 1, получателей — 1."
100000004687282100,terminal,0.604,17,0.257692,Получено 20 000 ₸; плательщиков — 1; в выборке исходящих нет.
100000005022964100,terminal,0.604,3,0.257692,Получено 20 000 ₸; плательщиков — 1; в выборке исходящих нет.
100000005056870100,terminal,0.604,56,0.257692,Получено 20 000 ₸; плательщиков — 1; в выборке исходящих нет.
100000005669845100,terminal,0.604,28,0.257692,Получено 20 000 ₸; плательщиков — 1; в выборке исходящих нет.
100000005756535100,terminal,0.604,23,0.257692,Получено 20 000 ₸; плательщиков — 1; в выборке исходящих нет.
100000005815602100,peripheral,0.6,17,0.257692,"Роль не определена: плательщиков — 1, получателей — 1. Выход выше входа; отношение 8,25. Баланс неполон."
100000006656003100,peripheral,0.6,23,0.257692,"Роль не определена: плательщиков — 1, получателей — 1."
100000006710485100,terminal,0.604,23,0.257692,Получено 20 000 ₸; плательщиков — 1; в выборке исходящих нет.
100000006787636100,terminal,0.604,6,0.257692,Получено 20 000 ₸; плательщиков — 1; в выборке исходящих нет.
100000007175718100,terminal,0.604,56,0.257692,Получено 20 000 ₸; плательщиков — 1; в выборке исходящих нет.
100000007197866100,peripheral,0.6,9,0.257692,"Роль не определена: плательщиков — 1, получателей — 1."
100000007337374100,terminal,0.604,23,0.257692,Получено 20 000 ₸; плательщиков — 1; в выборке исходящих нет.
100000008416433100,terminal,0.604,41,0.257692,Получено 20 000 ₸; плательщиков — 1; в выборке исходящих нет.
100000008430691100,peripheral,0.65,85,0.257692,"Роль не определена: плательщиков — 1, получателей — 2. Выход выше входа; отношение 30,25. Баланс неполон."
100000008474391100,terminal,0.604,30,0.257692,Получено 20 000 ₸; плательщиков — 1; в выборке исходящих нет.
100000008682426100,terminal,0.604,41,0.257692,Получено 20 000 ₸; плательщиков — 1; в выборке исходящих нет.
100000008693069100,terminal,0.604,23,0.257692,Получено 20 000 ₸; плательщиков — 1; в выборке исходящих нет.
100000008745884100,terminal,0.604,23,0.257692,Получено 20 000 ₸; плательщиков — 1; в выборке исходящих нет.
100000005268319100,distributor,0.695929,1,0.257586,"Признаки распределения: получателей — 5; выход 91 000 ₸. Выход выше входа; отношение 4,62. Баланс неполон."
100000007648946100,peripheral,0.6,13,0.257526,"Роль не определена: плательщиков — 1, получателей — 1. Выход выше входа; отношение 1,28. Баланс неполон."
100000004445291100,terminal,0.6039,14,0.257507,Получено 19 500 ₸; плательщиков — 1; в выборке исходящих нет.
100000005363908100,transit,0.88,72,0.257507,Признаки транзита: вход 19 500 ₸; дальше отправлено 100% наблюдаемого входа.
100000008633099100,peripheral,0.6,2,0.257495,"Роль не определена: плательщиков — 1, получателей — 1."
100000008066326100,terminal,0.603864,1,0.25744,Получено 19 320 ₸; плательщиков — 1; в выборке исходящих нет.
100000008776310100,terminal,0.60384,23,0.257396,Получено 19 200 ₸; плательщиков — 1; в выборке исходящих нет.
100000003187359100,terminal,0.603814,23,0.257348,Получено 19 072 ₸; плательщиков — 1; в выборке исходящих нет.
100000000785800100,transit,0.88,40,0.257322,Признаки транзита: вход 19 000 ₸; дальше отправлено 100% наблюдаемого входа.
100000001298099100,terminal,0.6038,19,0.257322,Получено 19 000 ₸; плательщиков — 1; в выборке исходящих нет.
100000008258458100,peripheral,0.65,71,0.257322,"Роль не определена: плательщиков — 1, получателей — 2. Выход выше входа; отношение 82. Баланс неполон."
100000008679986100,terminal,0.6038,23,0.257322,Получено 19 000 ₸; плательщиков — 1; в выборке исходящих нет.
100000008696692100,terminal,0.6038,23,0.257322,Получено 19 000 ₸; плательщиков — 1; в выборке исходящих нет.
100000008749063100,terminal,0.6038,23,0.257322,Получено 19 000 ₸; плательщиков — 1; в выборке исходящих нет.
100000000926766100,peripheral,0.6,14,0.257229,"Роль не определена: плательщиков — 1, получателей — 1."
100000004140994100,terminal,0.60373,23,0.257192,Получено 18 650 ₸; плательщиков — 1; в выборке исходящих нет.
100000002881669100,terminal,0.60372,8,0.257173,Получено 18 600 ₸; плательщиков — 1; в выборке исходящих нет.
100000003239859100,terminal,0.60372,8,0.257173,Получено 18 600 ₸; плательщиков — 1; в выборке исходящих нет.
100000002893020100,terminal,0.603668,19,0.257076,Получено 18 340 ₸; плательщиков — 1; в выборке исходящих нет.
100000000795033100,terminal,0.60364,1,0.257024,Получено 18 200 ₸; плательщиков — 1; в выборке исходящих нет.
100000008720856100,peripheral,0.6,11,0.256989,"Роль не определена: плательщиков — 1, получателей — 1. Выход выше входа; отношение 2,54. Баланс неполон."
100000001103905100,terminal,0.6036,23,0.25695,Получено 18 000 ₸; плательщиков — 1; в выборке исходящих нет.
100000001251686100,terminal,0.6036,3,0.25695,Получено 18 000 ₸; плательщиков — 1; в выборке исходящих нет.
100000001893287100,peripheral,0.6,42,0.25695,"Роль не определена: плательщиков — 1, получателей — 1. Выход выше входа; отношение 8,48. Баланс неполон."
100000003188607100,peripheral,0.6,2,0.25695,"Роль не определена: плательщиков — 1, получателей — 1."
100000004806903100,terminal,0.6036,3,0.25695,Получено 18 000 ₸; плательщиков — 1; в выборке исходящих нет.
100000005059998100,terminal,0.6036,1,0.25695,Получено 18 000 ₸; плательщиков — 1; в выборке исходящих нет.
100000006882208100,terminal,0.6036,17,0.25695,Получено 18 000 ₸; плательщиков — 1; в выборке исходящих нет.
100000006888238100,peripheral,0.6,53,0.25695,"Роль не определена: плательщиков — 1, получателей — 1. Выход выше входа; отношение 1,67. Баланс неполон."
100000007953156100,peripheral,0.6,41,0.25695,"Роль не определена: плательщиков — 1, получателей — 1."
100000008712184100,terminal,0.6036,23,0.25695,Получено 18 000 ₸; плательщиков — 1; в выборке исходящих нет.
100000008715887100,terminal,0.6036,23,0.25695,Получено 18 000 ₸; плательщиков — 1; в выборке исходящих нет.
100000008716222100,terminal,0.6036,23,0.25695,Получено 18 000 ₸; плательщиков — 1; в выборке исходящих нет.
100000008754997100,terminal,0.6036,23,0.25695,Получено 18 000 ₸; плательщиков — 1; в выборке исходящих нет.
100000008777088100,terminal,0.6036,23,0.25695,Получено 18 000 ₸; плательщиков — 1; в выборке исходящих нет.
100000001641789100,terminal,0.603565,42,0.256885,Получено 17 826 ₸; плательщиков — 1; в выборке исходящих нет.
100000002597003100,peripheral,0.6,1,0.256838,"Роль не определена: плательщиков — 1, получателей — 1."
100000002116705100,terminal,0.60352,23,0.256801,Получено 17 600 ₸; плательщиков — 1; в выборке исходящих нет.
100000002511581100,terminal,0.60352,23,0.256801,Получено 17 600 ₸; плательщиков — 1; в выборке исходящих нет.
100000008687990100,terminal,0.60352,23,0.256801,Получено 17 600 ₸; плательщиков — 1; в выборке исходящих нет.
100000008735832100,terminal,0.60352,23,0.256801,Получено 17 600 ₸; плательщиков — 1; в выборке исходящих нет.
100000008755168100,terminal,0.60352,23,0.256801,Получено 17 600 ₸; плательщиков — 1; в выборке исходящих нет.
100000000907277100,terminal,0.603507,23,0.256776,Получено 17 534 ₸; плательщиков — 1; в выборке исходящих нет.
100000008667058100,terminal,0.603507,23,0.256776,Получено 17 534 ₸; плательщиков — 1; в выборке исходящих нет.
100000008691027100,terminal,0.603507,23,0.256776,Получено 17 534 ₸; плательщиков — 1; в выборке исходящих нет.
100000008729801100,terminal,0.603507,23,0.256776,Получено 17 534 ₸; плательщиков — 1; в выборке исходящих нет.
100000000850297100,transit,0.88,12,0.256771,Признаки транзита: вход 17 520 ₸; дальше отправлено 100% наблюдаемого входа.
100000001287955100,peripheral,0.7,25,0.256771,"Роль не определена: плательщиков — 1, получателей — 4. Выход выше входа; отношение 17,69. Баланс неполон."
100000007333038100,peripheral,0.65,25,0.256763,"Роль не определена: плательщиков — 1, получателей — 2. Выход выше входа; отношение 2. Баланс неполон."
100000008460102100,distributor,0.920718,48,0.256763,"Признаки распределения: получателей — 31; выход 476 570 ₸. Выход выше входа; отношение 27,23. Баланс неполон."
100000008683818100,terminal,0.60348,23,0.256726,Получено 17 400 ₸; плательщиков — 1; в выборке исходящих нет.
100000008767950100,terminal,0.60347,23,0.256707,Получено 17 350 ₸; плательщиков — 1; в выборке исходящих нет.
100000003192309100,peripheral,0.6,23,0.256651,"Роль не определена: плательщиков — 1, получателей — 1. Выход выше входа; отношение 12,38. Баланс неполон."
100000005995391100,terminal,0.60344,23,0.256651,Получено 17 200 ₸; плательщиков — 1; в выборке исходящих нет.
100000007022818100,terminal,0.60344,23,0.256651,Получено 17 200 ₸; плательщиков — 1; в выборке исходящих нет.
100000008309514100,terminal,0.60344,23,0.256651,Получено 17 200 ₸; плательщиков — 1; в выборке исходящих нет.
100000008684951100,terminal,0.60344,23,0.256651,Получено 17 200 ₸; плательщиков — 1; в выборке исходящих нет.
100000008706947100,terminal,0.60344,23,0.256651,Получено 17 200 ₸; плательщиков — 1; в выборке исходящих нет.
100000008708595100,terminal,0.60344,23,0.256651,Получено 17 200 ₸; плательщиков — 1; в выборке исходящих нет.
100000008749900100,terminal,0.60343,23,0.256633,Получено 17 150 ₸; плательщиков — 1; в выборке исходящих нет.
100000001111763100,terminal,0.603429,23,0.25663,Получено 17 144 ₸; плательщиков — 1; в выборке исходящих нет.
100000004491881100,terminal,0.603429,23,0.25663,Получено 17 144 ₸; плательщиков — 1; в выборке исходящих нет.
100000008749406100,terminal,0.603429,23,0.25663,Получено 17 144 ₸; плательщиков — 1; в выборке исходящих нет.
100000008767925100,terminal,0.603429,23,0.25663,Получено 17 144 ₸; плательщиков — 1; в выборке исходящих нет.
100000008762728100,terminal,0.603405,17,0.256586,Получено 17 026 ₸; плательщиков — 1; в выборке исходящих нет.
100000008029279100,terminal,0.6034,9,0.256576,Получено 17 000 ₸; плательщиков — 1; в выборке исходящих нет.
100000004286573100,terminal,0.603318,8,0.256423,Получено 16 590 ₸; плательщиков — 1; в выборке исходящих нет.
100000003336565100,terminal,0.60331,23,0.256408,Получено 16 550 ₸; плательщиков — 1; в выборке исходящих нет.
100000006734554100,peripheral,0.6,28,0.256389,"Роль не определена: плательщиков — 1, получателей — 1. Выход выше входа; отношение 1,52. Баланс неполон."
100000008662805100,terminal,0.6033,23,0.256389,Получено 16 500 ₸; плательщиков — 1; в выборке исходящих нет.
100000008771627100,terminal,0.6033,23,0.256389,Получено 16 500 ₸; плательщиков — 1; в выборке исходящих нет.
100000005847078100,terminal,0.60326,23,0.256314,Получено 16 300 ₸; плательщиков — 1; в выборке исходящих нет.
100000008664774100,terminal,0.60326,23,0.256314,Получено 16 300 ₸; плательщиков — 1; в выборке исходящих нет.
100000001389255100,terminal,0.603227,23,0.256253,Получено 16 136 ₸; плательщиков — 1; в выборке исходящих нет.
100000002727288100,terminal,0.6032,4,0.256202,Получено 16 000 ₸; плательщиков — 1; в выборке исходящих нет.
100000008720668100,terminal,0.6032,23,0.256202,Получено 16 000 ₸; плательщиков — 1; в выборке исходящих нет.
100000008736394100,terminal,0.6032,23,0.256202,Получено 16 000 ₸; плательщиков — 1; в выборке исходящих нет.
100000008749989100,terminal,0.6032,23,0.256202,Получено 16 000 ₸; плательщиков — 1; в выборке исходящих нет.
100000008755580100,terminal,0.6032,23,0.256202,Получено 16 000 ₸; плательщиков — 1; в выборке исходящих нет.
100000003009900100,terminal,0.6032,19,0.256201,Получено 15 998 ₸; плательщиков — 1; в выборке исходящих нет.
100000003713616100,terminal,0.603179,17,0.256161,Получено 15 893 ₸; плательщиков — 1; в выборке исходящих нет.
100000008668099100,terminal,0.60314,23,0.256089,Получено 15 700 ₸; плательщиков — 1; в выборке исходящих нет.
100000008686494100,terminal,0.60314,23,0.256089,Получено 15 700 ₸; плательщиков — 1; в выборке исходящих нет.
100000008716773100,terminal,0.603135,23,0.25608,Получено 15 677 ₸; плательщиков — 1; в выборке исходящих нет.
100000008732098100,terminal,0.603135,23,0.25608,Получено 15 677 ₸; плательщиков — 1; в выборке исходящих нет.
100000000661131100,terminal,0.60312,23,0.256051,Получено 15 600 ₸; плательщиков — 1; в выборке исходящих нет.
100000001953577100,terminal,0.60312,23,0.256051,Получено 15 600 ₸; плательщиков — 1; в выборке исходящих нет.
100000008663723100,terminal,0.60312,23,0.256051,Получено 15 600 ₸; плательщиков — 1; в выборке исходящих нет.
100000008672162100,terminal,0.60311,23,0.256032,Получено 15 550 ₸; плательщиков — 1; в выборке исходящих нет.
100000008708743100,terminal,0.60311,23,0.256032,Получено 15 550 ₸; плательщиков — 1; в выборке исходящих нет.
100000004497606100,terminal,0.603107,23,0.256026,Получено 15 534 ₸; плательщиков — 1; в выборке исходящих нет.
100000008670667100,terminal,0.603107,23,0.256026,Получено 15 534 ₸; плательщиков — 1; в выборке исходящих нет.
100000008718089100,terminal,0.603107,23,0.256026,Получено 15 534 ₸; плательщиков — 1; в выборке исходящих нет.
100000008720798100,terminal,0.603107,23,0.256026,Получено 15 534 ₸; плательщиков — 1; в выборке исходящих нет.
100000000943371100,terminal,0.6031,13,0.256014,Получено 15 500 ₸; плательщиков — 1; в выборке исходящих нет.
100000007631637100,terminal,0.603068,23,0.255954,Получено 15 341 ₸; плательщиков — 1; в выборке исходящих нет.
100000001138376100,terminal,0.60306,4,0.255938,Получено 15 300 ₸; плательщиков — 1; в выборке исходящих нет.
100000004403641100,peripheral,0.55,25,0.255918,Граница 4-го колена: вход 171 500 ₸; дальнейшие переводы неизвестны.
100000005172860100,terminal,0.603042,1,0.255904,"Получено 15 209,2 ₸; плательщиков — 1; в выборке исходящих нет."
100000005093521100,terminal,0.60304,3,0.255901,Получено 15 200 ₸; плательщиков — 1; в выборке исходящих нет.
100000000831684100,peripheral,0.6,8,0.255825,"Роль не определена: плательщиков — 1, получателей — 1. Выход выше входа; отношение 3,33. Баланс неполон."
100000000968253100,terminal,0.603,23,0.255825,Получено 15 000 ₸; плательщиков — 1; в выборке исходящих нет.
100000001530740100,terminal,0.603,17,0.255825,Получено 15 000 ₸; плательщиков — 1; в выборке исходящих нет.
100000002185328100,peripheral,0.7,33,0.255825,"Роль не определена: плательщиков — 1, получателей — 4. Выход выше входа; отношение 3,67. Баланс неполон."
100000002933386100,peripheral,0.6,3,0.255825,"Роль не определена: плательщиков — 1, получателей — 1. Выход выше входа; отношение 3,87. Баланс неполон."
100000002975287100,terminal,0.603,29,0.255825,Получено 15 000 ₸; плательщиков — 1; в выборке исходящих нет.
100000003036198100,terminal,0.603,3,0.255825,Получено 15 000 ₸; плательщиков — 1; в выборке исходящих нет.
100000003241965100,terminal,0.603,19,0.255825,Получено 15 000 ₸; плательщиков — 1; в выборке исходящих нет.
100000004564736100,terminal,0.603,30,0.255825,Получено 15 000 ₸; плательщиков — 1; в выборке исходящих нет.
100000004573782100,terminal,0.603,2,0.255825,Получено 15 000 ₸; плательщиков — 1; в выборке исходящих нет.
100000005037490100,peripheral,0.65,13,0.255825,"Роль не определена: плательщиков — 1, получателей — 2. Выход выше входа; отношение 2. Баланс неполон."
100000005168487100,peripheral,0.6,12,0.255825,"Роль не определена: плательщиков — 1, получателей — 1. Выход выше входа; отношение 6,9. Баланс неполон."
100000008011573100,terminal,0.603,29,0.255825,Получено 15 000 ₸; плательщиков — 1; в выборке исходящих нет.
100000008293431100,distributor,0.655068,1,0.255825,"Признаки распределения: получателей — 5; выход 297 000 ₸. Выход выше входа; отношение 19,8. Баланс неполон."
100000008547295100,terminal,0.603,42,0.255825,Получено 15 000 ₸; плательщиков — 1; в выборке исходящих нет.
100000008687492100,terminal,0.603,23,0.255825,Получено 15 000 ₸; плательщиков — 1; в выборке исходящих нет.
100000008738526100,peripheral,0.6,47,0.255825,"Роль не определена: плательщиков — 1, получателей — 1. Выход выше входа; отношение 9,33. Баланс неполон."
100000008289539100,terminal,0.602982,4,0.255792,Получено 14 912 ₸; плательщиков — 1; в выборке исходящих нет.
100000008776576100,terminal,0.602953,23,0.255737,Получено 14 765 ₸; плательщиков — 1; в выборке исходящих нет.
100000008687733100,terminal,0.60293,23,0.255693,Получено 14 650 ₸; плательщиков — 1; в выборке исходящих нет.
100000002992171100,terminal,0.602925,23,0.255685,Получено 14 627 ₸; плательщиков — 1; в выборке исходящих нет.
100000008717341100,terminal,0.602925,23,0.255685,Получено 14 627 ₸; плательщиков — 1; в выборке исходящих нет.
100000008755361100,terminal,0.602925,23,0.255685,Получено 14 627 ₸; плательщиков — 1; в выборке исходящих нет.
100000008136608100,peripheral,0.55,19,0.255634,Граница 4-го колена: вход 170 000 ₸; дальнейшие переводы неизвестны.
100000008336318100,peripheral,0.55,5,0.255634,Граница 4-го колена: вход 170 000 ₸; дальнейшие переводы неизвестны.
100000003650146100,terminal,0.60288,17,0.255599,Получено 14 400 ₸; плательщиков — 1; в выборке исходящих нет.
100000001690439100,terminal,0.60284,11,0.255523,Получено 14 200 ₸; плательщиков — 1; в выборке исходящих нет.
100000008706846100,terminal,0.60284,23,0.255523,Получено 14 200 ₸; плательщиков — 1; в выборке исходящих нет.
100000005187208100,terminal,0.602832,11,0.255508,Получено 14 160 ₸; плательщиков — 1; в выборке исходящих нет.
100000002606567100,peripheral,0.6,1,0.255483,"Роль не определена: плательщиков — 1, получателей — 1. Выход выше входа; отношение 3,76. Баланс неполон."
100000002830055100,terminal,0.6028,23,0.255447,Получено 14 000 ₸; плательщиков — 1; в выборке исходящих нет.
100000006161893100,terminal,0.6028,17,0.255447,Получено 14 000 ₸; плательщиков — 1; в выборке исходящих нет.
100000008474308100,peripheral,0.6,8,0.255447,"Роль не определена: плательщиков — 1, получателей — 1."
100000008548853100,terminal,0.6028,23,0.255447,Получено 14 000 ₸; плательщиков — 1; в выборке исходящих нет.
100000008663007100,terminal,0.6028,23,0.255447,Получено 14 000 ₸; плательщиков — 1; в выборке исходящих нет.
100000008672493100,terminal,0.6028,23,0.255447,Получено 14 000 ₸; плательщиков — 1; в выборке исходящих нет.
100000001716579100,terminal,0.602783,23,0.255416,Получено 13 916 ₸; плательщиков — 1; в выборке исходящих нет.
100000008172721100,peripheral,0.55,9,0.255318,Граница 4-го колена: вход 168 335 ₸; дальнейшие переводы неизвестны.
100000003163256100,transit,0.711479,17,0.255252,"Признаки транзита: вход 13 485 ₸; дальше отправлено 111,2% наблюдаемого входа. Выход выше входа; отношение 1,11. Баланс неполон."
100000003561031100,peripheral,0.6,9,0.255182,"Роль не определена: плательщиков — 1, получателей — 1."
100000008764436100,terminal,0.60262,23,0.255106,Получено 13 100 ₸; плательщиков — 1; в выборке исходящих нет.
100000000572276100,peripheral,0.6,23,0.255097,"Роль не определена: плательщиков — 1, получателей — 1. Выход выше входа; отношение 2,64. Баланс неполон."
100000003927792100,terminal,0.602613,4,0.255094,Получено 13 067 ₸; плательщиков — 1; в выборке исходящих нет.
100000001954534100,peripheral,0.6,1,0.255068,"Роль не определена: плательщиков — 1, получателей — 1. Выход выше входа; отношение 3,08. Баланс неполон."
100000002575080100,transit,0.822308,4,0.255068,"Признаки транзита: вход 13 000 ₸; дальше отправлено 96,2% наблюдаемого входа."
100000004475818100,peripheral,0.7,11,0.255068,"Роль не определена: плательщиков — 1, получателей — 3. Выход выше входа; отношение 4,15. Баланс неполон."
100000008190442100,terminal,0.6026,23,0.255068,Получено 13 000 ₸; плательщиков — 1; в выборке исходящих нет.
100000008672480100,terminal,0.6026,23,0.255068,Получено 13 000 ₸; плательщиков — 1; в выборке исходящих нет.
100000008672762100,terminal,0.6026,23,0.255068,Получено 13 000 ₸; плательщиков — 1; в выборке исходящих нет.
100000008688109100,terminal,0.60256,23,0.254992,Получено 12 800 ₸; плательщиков — 1; в выборке исходящих нет.
100000002742067100,terminal,0.602546,4,0.254966,Получено 12 730 ₸; плательщиков — 1; в выборке исходящих нет.
100000005496254100,terminal,0.60254,1,0.254954,Получено 12 700 ₸; плательщиков — 1; в выборке исходящих нет.
100000008744799100,terminal,0.60252,23,0.254916,Получено 12 600 ₸; плательщиков — 1; в выборке исходящих нет.
100000002671806100,terminal,0.602488,8,0.254855,Получено 12 440 ₸; плательщиков — 1; в выборке исходящих нет.
100000002646745100,terminal,0.60246,23,0.254802,Получено 12 300 ₸; плательщиков — 1; в выборке исходящих нет.
100000005089460100,terminal,0.60246,23,0.254802,Получено 12 300 ₸; плательщиков — 1; в выборке исходящих нет.
100000005588444100,terminal,0.60246,2,0.254802,Получено 12 300 ₸; плательщиков — 1; в выборке исходящих нет.
100000007289427100,terminal,0.60246,3,0.254802,Получено 12 300 ₸; плательщиков — 1; в выборке исходящих нет.
100000008754608100,terminal,0.60246,23,0.254802,Получено 12 300 ₸; плательщиков — 1; в выборке исходящих нет.
100000008716439100,terminal,0.602453,23,0.254789,Получено 12 267 ₸; плательщиков — 1; в выборке исходящих нет.
100000008003034100,peripheral,0.7,13,0.254764,"Роль не определена: плательщиков — 1, получателей — 4. Выход выше входа; отношение 11,06. Баланс неполон."
100000007591246100,peripheral,0.6,13,0.25476,"Роль не определена: плательщиков — 1, получателей — 1. Выход выше входа; отношение 9,84. Баланс неполон."
100000003888271100,peripheral,0.65,24,0.254755,"Роль не определена: плательщиков — 1, получателей — 2. Выход выше входа; отношение 2,1. Баланс неполон."
100000008716072100,terminal,0.60242,23,0.254726,Получено 12 100 ₸; плательщиков — 1; в выборке исходящих нет.
100000000860514100,peripheral,0.6,14,0.254688,"Роль не определена: плательщиков — 1, получателей — 1. Выход выше входа; отношение 4,17. Баланс неполон."
100000000870121100,terminal,0.6024,13,0.254688,Получено 12 000 ₸; плательщиков — 1; в выборке исходящих нет.
100000001149815100,terminal,0.6024,23,0.254688,Получено 12 000 ₸; плательщиков — 1; в выборке исходящих нет.
100000002744581100,terminal,0.6024,2,0.254688,Получено 12 000 ₸; плательщиков — 1; в выборке исходящих нет.
100000004158362100,terminal,0.6024,1,0.254688,Получено 12 000 ₸; плательщиков — 1; в выборке исходящих нет.
100000004739664100,transit,0.63,23,0.254688,"Признаки транзита: вход 12 000 ₸; дальше отправлено 83,3% наблюдаемого входа."
100000008314863100,terminal,0.6024,3,0.254688,Получено 12 000 ₸; плательщиков — 1; в выборке исходящих нет.
100000008586731100,terminal,0.6024,8,0.254688,Получено 12 000 ₸; плательщиков — 1; в выборке исходящих нет.
100000002659103100,peripheral,0.55,51,0.25468,Граница 4-го колена: вход 165 000 ₸; дальнейшие переводы неизвестны.
100000005272139100,peripheral,0.55,17,0.25468,Граница 4-го колена: вход 165 000 ₸; дальнейшие переводы неизвестны.
100000004388209100,terminal,0.60236,23,0.254611,Получено 11 800 ₸; плательщиков — 1; в выборке исходящих нет.
100000008724279100,terminal,0.60235,17,0.254592,Получено 11 750 ₸; плательщиков — 1; в выборке исходящих нет.
100000008751349100,terminal,0.602326,15,0.254546,Получено 11 630 ₸; плательщиков — 1; в выборке исходящих нет.
100000003069463100,peripheral,0.6,15,0.254497,"Роль не определена: плательщиков — 1, получателей — 1. Выход выше входа; отношение 1,56. Баланс неполон."
100000002750332100,terminal,0.602272,5,0.254443,Получено 11 360 ₸; плательщиков — 1; в выборке исходящих нет.
100000004206046100,terminal,0.602215,17,0.254334,Получено 11 075 ₸; плательщиков — 1; в выборке исходящих нет.
100000002793851100,terminal,0.60221,17,0.254325,Получено 11 052 ₸; плательщиков — 1; в выборке исходящих нет.
100000001677389100,peripheral,0.6,29,0.254305,"Роль не определена: плательщиков — 1, получателей — 1."
100000002721825100,terminal,0.6022,1,0.254305,Получено 11 000 ₸; плательщиков — 1; в выборке исходящих нет.
100000008141170100,terminal,0.6022,17,0.254305,Получено 11 000 ₸; плательщиков — 1; в выборке исходящих нет.
100000008489604100,terminal,0.6022,23,0.254305,Получено 11 000 ₸; плательщиков — 1; в выборке исходящих нет.
100000004321983100,peripheral,0.65,42,0.254244,"Роль не определена: плательщиков — 1, получателей — 2. Выход выше входа; отношение 3,34. Баланс неполон."
100000002844897100,terminal,0.60216,5,0.254229,Получено 10 800 ₸; плательщиков — 1; в выборке исходящих нет.
100000000733373100,terminal,0.602142,17,0.254194,Получено 10 710 ₸; плательщиков — 1; в выборке исходящих нет.
100000003086040100,terminal,0.6021,1,0.254114,Получено 10 500 ₸; плательщиков — 1; в выборке исходящих нет.
100000003134937100,terminal,0.602057,17,0.254031,Получено 10 286 ₸; плательщиков — 1; в выборке исходящих нет.
100000007140834100,terminal,0.60204,42,0.253998,Получено 10 200 ₸; плательщиков — 1; в выборке исходящих нет.
100000008254069100,distributor,0.683059,50,0.253998,"Признаки распределения: получателей — 5; выход 107 500 ₸. Выход выше входа; отношение 10,54. Баланс неполон."
100000004007197100,terminal,0.60201,35,0.25394,Получено 10 048 ₸; плательщиков — 1; в выборке исходящих нет.
100000000089154100,distributor,0.797693,1,0.253922,"Признаки распределения: получателей — 15; выход 425 500 ₸. Выход выше входа; отношение 42,55. Баланс неполон."
100000000625169100,terminal,0.602,23,0.253922,Получено 10 000 ₸; плательщиков — 1; в выборке исходящих нет.
100000000912487100,terminal,0.602,3,0.253922,Получено 10 000 ₸; плательщиков — 1; в выборке исходящих нет.
100000000979567100,terminal,0.602,23,0.253922,Получено 10 000 ₸; плательщиков — 1; в выборке исходящих нет.
100000001145749100,terminal,0.602,3,0.253922,Получено 10 000 ₸; плательщиков — 1; в выборке исходящих нет.
100000001290243100,terminal,0.602,17,0.253922,Получено 10 000 ₸; плательщиков — 1; в выборке исходящих нет.
100000001439416100,peripheral,0.65,1,0.253922,"Роль не определена: плательщиков — 1, получателей — 2. Выход выше входа; отношение 16,5. Баланс неполон."
100000002809568100,terminal,0.602,1,0.253922,Получено 10 000 ₸; плательщиков — 1; в выборке исходящих нет.
100000003006633100,terminal,0.602,39,0.253922,Получено 10 000 ₸; плательщиков — 1; в выборке исходящих нет.
100000003449074100,terminal,0.602,1,0.253922,Получено 10 000 ₸; плательщиков — 1; в выборке исходящих нет.
100000003896956100,peripheral,0.6,17,0.253922,"Роль не определена: плательщиков — 1, получателей — 1. Выход выше входа; отношение 2,7. Баланс неполон."
100000003943483100,terminal,0.602,8,0.253922,Получено 10 000 ₸; плательщиков — 1; в выборке исходящих нет.
100000003962994100,terminal,0.602,20,0.253922,Получено 10 000 ₸; плательщиков — 1; в выборке исходящих нет.
100000004185681100,terminal,0.602,3,0.253922,Получено 10 000 ₸; плательщиков — 1; в выборке исходящих нет.
100000004456564100,terminal,0.602,41,0.253922,Получено 10 000 ₸; плательщиков — 1; в выборке исходящих нет.
100000004697956100,transit,0.88,42,0.253922,Признаки транзита: вход 10 000 ₸; дальше отправлено 100% наблюдаемого входа.
100000004750897100,terminal,0.602,4,0.253922,Получено 10 000 ₸; плательщиков — 1; в выборке исходящих нет.
100000004950490100,terminal,0.602,2,0.253922,Получено 10 000 ₸; плательщиков — 1; в выборке исходящих нет.
100000004970752100,terminal,0.602,1,0.253922,Получено 10 000 ₸; плательщиков — 1; в выборке исходящих нет.
100000004991812100,terminal,0.602,30,0.253922,Получено 10 000 ₸; плательщиков — 1; в выборке исходящих нет.
100000005030592100,terminal,0.602,4,0.253922,Получено 10 000 ₸; плательщиков — 1; в выборке исходящих нет.
100000005032294100,terminal,0.602,41,0.253922,Получено 10 000 ₸; плательщиков — 1; в выборке исходящих нет.
100000005142492100,peripheral,0.6,42,0.253922,"Роль не определена: плательщиков — 1, получателей — 1. Выход выше входа; отношение 5,7. Баланс неполон."
100000005941908100,terminal,0.602,41,0.253922,Получено 10 000 ₸; плательщиков — 1; в выборке исходящих нет.
100000006557763100,terminal,0.602,3,0.253922,Получено 10 000 ₸; плательщиков — 1; в выборке исходящих нет.
100000006684930100,terminal,0.602,13,0.253922,Получено 10 000 ₸; плательщиков — 1; в выборке исходящих нет.
100000006965162100,terminal,0.602,16,0.253922,Получено 10 000 ₸; плательщиков — 1; в выборке исходящих нет.
100000007173936100,terminal,0.602,34,0.253922,Получено 10 000 ₸; плательщиков — 1; в выборке исходящих нет.
100000008129393100,terminal,0.602,84,0.253922,Получено 10 000 ₸; плательщиков — 1; в выборке исходящих нет.
100000008463968100,terminal,0.602,23,0.253922,Получено 10 000 ₸; плательщиков — 1; в выборке исходящих нет.
100000008478414100,terminal,0.602,23,0.253922,Получено 10 000 ₸; плательщиков — 1; в выборке исходящих нет.
100000008708025100,terminal,0.602,16,0.253922,Получено 10 000 ₸; плательщиков — 1; в выборке исходящих нет.
100000008733049100,terminal,0.602,4,0.253922,Получено 10 000 ₸; плательщиков — 1; в выборке исходящих нет.
100000008742053100,distributor,0.773283,25,0.253922,"Признаки распределения: получателей — 12; выход 2 789 000 ₸. Выход выше входа; отношение 278,9. Баланс неполон."
100000008746449100,distributor,0.74747,5,0.253922,"Признаки распределения: получателей — 10; выход 1 009 000 ₸. Выход выше входа; отношение 100,9. Баланс неполон."
100000008767065100,terminal,0.602,47,0.253922,Получено 10 000 ₸; плательщиков — 1; в выборке исходящих нет.
100000002748180100,distributor,0.733983,25,0.253883,"Признаки распределения: получателей — 8; выход 679 743 ₸. Выход выше входа; отношение 68,66. Баланс неполон."
100000006522972100,terminal,0.601903,11,0.253735,Получено 9 515 ₸; плательщиков — 1; в выборке исходящих нет.
100000002513028100,peripheral,0.7,57,0.253729,"Роль не определена: плательщиков — 1, получателей — 3. Выход выше входа; отношение 35,02. Баланс неполон."
100000008612257100,terminal,0.6019,29,0.253729,Получено 9 500 ₸; плательщиков — 1; в выборке исходящих нет.
100000007005380100,terminal,0.60188,11,0.253691,Получено 9 400 ₸; плательщиков — 1; в выборке исходящих нет.
100000002558173100,terminal,0.60186,43,0.253652,Получено 9 300 ₸; плательщиков — 1; в выборке исходящих нет.
100000002603371100,terminal,0.60186,1,0.253652,Получено 9 300 ₸; плательщиков — 1; в выборке исходящих нет.
100000004580202100,peripheral,0.7,30,0.253536,"Роль не определена: плательщиков — 1, получателей — 3. Выход выше входа; отношение 5. Баланс неполон."
100000006658598100,terminal,0.6018,17,0.253536,Получено 9 000 ₸; плательщиков — 1; в выборке исходящих нет.
100000008677215100,terminal,0.6018,30,0.253536,Получено 9 000 ₸; плательщиков — 1; в выборке исходящих нет.
100000006177176100,terminal,0.601782,17,0.253502,Получено 8 911 ₸; плательщиков — 1; в выборке исходящих нет.
100000001740277100,peripheral,0.6,2,0.25342,"Роль не определена: плательщиков — 1, получателей — 1."
100000008708061100,terminal,0.60173,23,0.253401,Получено 8 650 ₸; плательщиков — 1; в выборке исходящих нет.
100000008672200100,terminal,0.601702,23,0.253347,Получено 8 511 ₸; плательщиков — 1; в выборке исходящих нет.
100000002095257100,terminal,0.6017,8,0.253343,Получено 8 500 ₸; плательщиков — 1; в выборке исходящих нет.
100000003024542100,terminal,0.6017,3,0.253343,Получено 8 500 ₸; плательщиков — 1; в выборке исходящих нет.
100000008750464100,terminal,0.6017,23,0.253343,Получено 8 500 ₸; плательщиков — 1; в выборке исходящих нет.
100000002938501100,peripheral,0.6,17,0.253303,"Роль не определена: плательщиков — 1, получателей — 1."
100000005940652100,terminal,0.601679,52,0.253303,Получено 8 395 ₸; плательщиков — 1; в выборке исходящих нет.
100000005807278100,terminal,0.601677,56,0.253299,Получено 8 385 ₸; плательщиков — 1; в выборке исходящих нет.
100000004921657100,peripheral,0.6,3,0.253266,"Роль не определена: плательщиков — 1, получателей — 1. Выход выше входа; отношение 2,67. Баланс неполон."
100000000481716100,terminal,0.6016,19,0.25315,Получено 8 000 ₸; плательщиков — 1; в выборке исходящих нет.
100000001788284100,distributor,0.66736,14,0.25315,"Признаки распределения: получателей — 5; выход 296 700 ₸. Выход выше входа; отношение 37,09. Баланс неполон."
100000005547096100,peripheral,0.65,72,0.25315,"Роль не определена: плательщиков — 1, получателей — 2. Выход выше входа; отношение 28,29. Баланс неполон."
100000005730108100,terminal,0.6016,1,0.25315,Получено 8 000 ₸; плательщиков — 1; в выборке исходящих нет.
100000008254576100,peripheral,0.6,39,0.25315,"Роль не определена: плательщиков — 1, получателей — 1. Выход выше входа; отношение 7,5. Баланс неполон."
100000008537380100,terminal,0.6016,23,0.25315,Получено 8 000 ₸; плательщиков — 1; в выборке исходящих нет.
100000002214664100,peripheral,0.6,23,0.25313,"Роль не определена: плательщиков — 1, получателей — 1. Выход выше входа; отношение 9,68. Баланс неполон."
100000004553349100,terminal,0.601551,11,0.253055,Получено 7 755 ₸; плательщиков — 1; в выборке исходящих нет.
100000002609774100,peripheral,0.6,19,0.253033,"Роль не определена: плательщиков — 1, получателей — 1. Выход выше входа; отношение 3,57. Баланс неполон."
100000003996562100,terminal,0.60154,1,0.253033,Получено 7 700 ₸; плательщиков — 1; в выборке исходящих нет.
100000007749092100,peripheral,0.6,17,0.253014,"Роль не определена: плательщиков — 1, получателей — 1. Выход выше входа; отношение 9,2. Баланс неполон."
100000004493586100,terminal,0.6015,1,0.252956,Получено 7 500 ₸; плательщиков — 1; в выборке исходящих нет.
100000005834479100,peripheral,0.65,9,0.252956,"Роль не определена: плательщиков — 1, получателей — 2. Выход выше входа; отношение 1,93. Баланс неполон."
100000002974256100,terminal,0.60144,8,0.252839,Получено 7 200 ₸; плательщиков — 1; в выборке исходящих нет.
100000002205022100,peripheral,0.7,32,0.2528,"Роль не определена: плательщиков — 1, получателей — 3. Выход выше входа; отношение 72,96. Баланс неполон."
100000001229743100,peripheral,0.6,1,0.252761,"Роль не определена: плательщиков — 1, получателей — 1. Выход выше входа; отношение 1,29. Баланс неполон."
100000003377795100,terminal,0.6014,2,0.252761,Получено 7 000 ₸; плательщиков — 1; в выборке исходящих нет.
100000004508696100,peripheral,0.7,20,0.252761,"Роль не определена: плательщиков — 1, получателей — 3. Выход выше входа; отношение 15,86. Баланс неполон."
100000004592467100,terminal,0.6014,3,0.252761,Получено 7 000 ₸; плательщиков — 1; в выборке исходящих нет.
100000005127767100,terminal,0.6014,20,0.252761,Получено 7 000 ₸; плательщиков — 1; в выборке исходящих нет.
100000008755754100,terminal,0.6014,25,0.252761,Получено 7 000 ₸; плательщиков — 1; в выборке исходящих нет.
100000008760098100,peripheral,0.6,47,0.252761,"Роль не определена: плательщиков — 1, получателей — 1. Выход выше входа; отношение 55,71. Баланс неполон."
100000007511780100,peripheral,0.55,1,0.252729,Граница 4-го колена: вход 155 000 ₸; дальнейшие переводы неизвестны.
100000000955444100,terminal,0.601382,24,0.252726,Получено 6 910 ₸; плательщиков — 1; в выборке исходящих нет.
100000000723383100,peripheral,0.65,33,0.252684,"Роль не определена: плательщиков — 1, получателей — 2. Выход выше входа; отношение 11,03. Баланс неполон."
100000002299948100,terminal,0.60135,43,0.252664,Получено 6 750 ₸; плательщиков — 1; в выборке исходящих нет.
100000005055454100,terminal,0.6013,28,0.252567,Получено 6 500 ₸; плательщиков — 1; в выборке исходящих нет.
100000006912294100,peripheral,0.65,5,0.252502,"Роль не определена: плательщиков — 1, получателей — 2. Выход выше входа; отношение 4,74. Баланс неполон."
100000000782285100,terminal,0.60123,1,0.25243,Получено 6 151 ₸; плательщиков — 1; в выборке исходящих нет.
100000008173359100,terminal,0.601222,17,0.252414,Получено 6 110 ₸; плательщиков — 1; в выборке исходящих нет.
100000000783406100,terminal,0.601213,39,0.252397,Получено 6 066 ₸; плательщиков — 1; в выборке исходящих нет.
100000002184107100,terminal,0.601213,39,0.252397,Получено 6 066 ₸; плательщиков — 1; в выборке исходящих нет.
100000006444163100,terminal,0.601205,1,0.252382,Получено 6 026 ₸; плательщиков — 1; в выборке исходящих нет.
100000000718427100,terminal,0.6012,23,0.252372,Получено 6 000 ₸; плательщиков — 1; в выборке исходящих нет.
100000001380107100,terminal,0.6012,32,0.252372,Получено 6 000 ₸; плательщиков — 1; в выборке исходящих нет.
100000002346166100,terminal,0.6012,23,0.252372,Получено 6 000 ₸; плательщиков — 1; в выборке исходящих нет.
100000002831727100,peripheral,0.6,44,0.252372,"Роль не определена: плательщиков — 1, получателей — 1. Выход выше входа; отношение 12,83. Баланс неполон."
100000005205745100,terminal,0.6012,42,0.252372,Получено 6 000 ₸; плательщиков — 1; в выборке исходящих нет.
100000007737775100,terminal,0.6012,54,0.252372,Получено 6 000 ₸; плательщиков — 1; в выборке исходящих нет.
100000008632060100,distributor,0.746769,1,0.252372,"Признаки распределения: получателей — 9; выход 339 200 ₸. Выход выше входа; отношение 56,53. Баланс неполон."
100000007382152100,terminal,0.601172,1,0.252317,Получено 5 860 ₸; плательщиков — 1; в выборке исходящих нет.
100000005958064100,peripheral,0.65,41,0.252272,"Роль не определена: плательщиков — 1, получателей — 2. Выход выше входа; отношение 28,54. Баланс неполон."
100000003148220100,peripheral,0.65,53,0.252235,"Роль не определена: плательщиков — 1, получателей — 2. Выход выше входа; отношение 7,68. Баланс неполон."
100000008488166100,terminal,0.60112,23,0.252215,Получено 5 600 ₸; плательщиков — 1; в выборке исходящих нет.
100000005996909100,terminal,0.6011,4,0.252176,Получено 5 500 ₸; плательщиков — 1; в выборке исходящих нет.
100000004770073100,transit,0.878745,1,0.252161,"Признаки транзита: вход 5 462,4 ₸; дальше отправлено 100,1% наблюдаемого входа. Выход немного выше входа; баланс неполон."
100000002614095100,terminal,0.60106,23,0.252098,Получено 5 300 ₸; плательщиков — 1; в выборке исходящих нет.
100000002592567100,peripheral,0.65,17,0.252097,"Роль не определена: плательщиков — 1, получателей — 2. Выход выше входа; отношение 9,18. Баланс неполон."
100000003986141100,terminal,0.601057,29,0.252092,"Получено 5 286,32 ₸; плательщиков — 1; в выборке исходящих нет."
100000006476758100,terminal,0.60104,12,0.252059,Получено 5 200 ₸; плательщиков — 1; в выборке исходящих нет.
100000000507799100,peripheral,0.6,20,0.252032,"Роль не определена: плательщиков — 1, получателей — 1. Выход выше входа; отношение 1,56. Баланс неполон."
100000000190228100,peripheral,0.6,5,0.25198,"Роль не определена: плательщиков — 1, получателей — 1. Выход выше входа; отношение 5,71. Баланс неполон."
100000000307908100,terminal,0.601,10,0.25198,Получено 5 000 ₸; плательщиков — 1; в выборке исходящих нет.
100000000583220100,peripheral,0.6,26,0.25198,"Роль не определена: плательщиков — 1, получателей — 1. Выход выше входа; отношение 152,25. Баланс неполон."
100000000765628100,terminal,0.601,17,0.25198,Получено 5 000 ₸; плательщиков — 1; в выборке исходящих нет.
100000001223977100,peripheral,0.6,49,0.25198,"Роль не определена: плательщиков — 1, получателей — 1. Выход выше входа; отношение 3,6. Баланс неполон."
100000001232297100,peripheral,0.65,13,0.25198,"Роль не определена: плательщиков — 1, получателей — 2. Выход выше входа; отношение 9. Баланс неполон."
100000001860090100,terminal,0.601,42,0.25198,Получено 5 000 ₸; плательщиков — 1; в выборке исходящих нет.
100000002621915100,terminal,0.601,17,0.25198,Получено 5 000 ₸; плательщиков — 1; в выборке исходящих нет.
100000003190207100,peripheral,0.6,50,0.25198,"Роль не определена: плательщиков — 1, получателей — 1. Выход выше входа; отношение 75,4. Баланс неполон."
100000003671721100,terminal,0.601,19,0.25198,Получено 5 000 ₸; плательщиков — 1; в выборке исходящих нет.
100000004285800100,peripheral,0.6,1,0.25198,"Роль не определена: плательщиков — 1, получателей — 1. Выход выше входа; отношение 3. Баланс неполон."
100000004613582100,peripheral,0.6,2,0.25198,"Роль не определена: плательщиков — 1, получателей — 1. Выход выше входа; отношение 1,9. Баланс неполон."
100000004629688100,peripheral,0.6,4,0.25198,"Роль не определена: плательщиков — 1, получателей — 1. Выход выше входа; отношение 3. Баланс неполон."
100000004715209100,distributor,0.678072,5,0.25198,"Признаки распределения: получателей — 5; выход 350 450 ₸. Выход выше входа; отношение 70,09. Баланс неполон."
100000004765639100,peripheral,0.65,1,0.25198,"Роль не определена: плательщиков — 1, получателей — 2. Выход выше входа; отношение 2,2. Баланс неполон."
100000005031696100,peripheral,0.65,49,0.25198,"Роль не определена: плательщиков — 1, получателей — 2. Выход выше входа; отношение 23. Баланс неполон."
100000005041905100,peripheral,0.6,23,0.25198,"Роль не определена: плательщиков — 1, получателей — 1. Выход выше входа; отношение 216,07. Баланс неполон."
100000005186109100,terminal,0.601,4,0.25198,Получено 5 000 ₸; плательщиков — 1; в выборке исходящих нет.
100000005222360100,peripheral,0.6,41,0.25198,"Роль не определена: плательщиков — 1, получателей — 1. Выход выше входа; отношение 5,4. Баланс неполон."
100000005265073100,peripheral,0.6,50,0.25198,"Роль не определена: плательщиков — 1, получателей — 1. Выход выше входа; отношение 1,8. Баланс неполон."
100000005367445100,transit,0.88,5,0.25198,Признаки транзита: вход 5 000 ₸; дальше отправлено 100% наблюдаемого входа.
100000005602999100,peripheral,0.65,54,0.25198,"Роль не определена: плательщиков — 1, получателей — 2. Выход выше входа; отношение 3,2. Баланс неполон."
100000005619339100,transit,0.74722,17,0.25198,"Признаки транзита: вход 5 000 ₸; дальше отправлено 108,9% наблюдаемого входа. Выход выше входа; отношение 1,09. Баланс неполон."
100000006490557100,terminal,0.601,2,0.25198,Получено 5 000 ₸; плательщиков — 1; в выборке исходящих нет.
100000006523053100,terminal,0.601,3,0.25198,Получено 5 000 ₸; плательщиков — 1; в выборке исходящих нет.
100000006573438100,terminal,0.601,67,0.25198,Получено 5 000 ₸; плательщиков — 1; в выборке исходящих нет.
100000007472293100,peripheral,0.7,61,0.25198,"Роль не определена: плательщиков — 1, получателей — 3. Выход выше входа; отношение 69,18. Баланс неполон."
100000007510875100,terminal,0.601,5,0.25198,Получено 5 000 ₸; плательщиков — 1; в выборке исходящих нет.
100000007689942100,peripheral,0.65,44,0.25198,"Роль не определена: плательщиков — 1, получателей — 2. Выход выше входа; отношение 5. Баланс неполон."
100000007930878100,terminal,0.601,24,0.25198,Получено 5 000 ₸; плательщиков — 1; в выборке исходящих нет.
100000008042075100,terminal,0.601,22,0.25198,Получено 5 000 ₸; плательщиков — 1; в выборке исходящих нет.
100000008501413100,transit,0.85,54,0.25198,"Признаки транзита: вход 5 000 ₸; дальше отправлено 102% наблюдаемого входа. Выход выше входа; отношение 1,02. Баланс неполон."
100000008582730100,transit,0.88,44,0.25198,Признаки транзита: вход 5 000 ₸; дальше отправлено 100% наблюдаемого входа.
100000008759857100,peripheral,0.65,47,0.25198,"Роль не определена: плательщиков — 1, получателей — 2. Выход выше входа; отношение 198,8. Баланс неполон."
100000008767027100,terminal,0.601,47,0.25198,Получено 5 000 ₸; плательщиков — 1; в выборке исходящих нет.
100000001537524100,peripheral,0.55,25,0.251731,Граница 4-го колена: вход 150 000 ₸; дальнейшие переводы неизвестны.
100000005360814100,peripheral,0.55,9,0.250512,Граница 4-го колена: вход 144 000 ₸; дальнейшие переводы неизвестны.
100000003819173100,peripheral,0.55,9,0.250467,Граница 4-го колена: вход 143 777 ₸; дальнейшие переводы неизвестны.
100000002659265100,peripheral,0.55,5,0.249895,Граница 4-го колена: вход 141 000 ₸; дальнейшие переводы неизвестны.
100000008183752100,peripheral,0.55,47,0.249688,Граница 4-го колена: вход 140 000 ₸; дальнейшие переводы неизвестны.
100000000803368100,peripheral,0.55,41,0.249584,Граница 4-го колена: вход 139 503 ₸; дальнейшие переводы неизвестны.
100000004800648100,peripheral,0.55,8,0.247793,Граница 4-го колена: вход 131 000 ₸; дальнейшие переводы неизвестны.
100000001246806100,peripheral,0.55,5,0.247579,Граница 4-го колена: вход 130 000 ₸; дальнейшие переводы неизвестны.
100000003696422100,peripheral,0.55,37,0.24496,Граница 4-го колена: вход 118 000 ₸; дальнейшие переводы неизвестны.
100000008730238100,peripheral,0.55,5,0.243838,Граница 4-го колена: вход 113 000 ₸; дальнейшие переводы неизвестны.
100000002794374100,peripheral,0.55,61,0.243384,Граница 4-го колена: вход 111 000 ₸; дальнейшие переводы неизвестны.
100000002734815100,peripheral,0.55,5,0.243156,Граница 4-го колена: вход 110 000 ₸; дальнейшие переводы неизвестны.
100000003186579100,peripheral,0.55,9,0.243156,Граница 4-го колена: вход 110 000 ₸; дальнейшие переводы неизвестны.
100000003252446100,peripheral,0.55,5,0.242835,Граница 4-го колена: вход 108 600 ₸; дальнейшие переводы неизвестны.
100000008337304100,peripheral,0.55,9,0.242112,Граница 4-го колена: вход 105 465 ₸; дальнейшие переводы неизвестны.
100000004891562100,peripheral,0.55,48,0.241632,Граница 4-го колена: вход 103 400 ₸; дальнейшие переводы неизвестны.
100000001299828100,peripheral,0.55,1,0.240833,Граница 4-го колена: вход 100 000 ₸; дальнейшие переводы неизвестны.
100000001533161100,peripheral,0.55,51,0.240833,Граница 4-го колена: вход 100 000 ₸; дальнейшие переводы неизвестны.
100000003134550100,peripheral,0.55,5,0.240833,Граница 4-го колена: вход 100 000 ₸; дальнейшие переводы неизвестны.
100000004418967100,peripheral,0.55,5,0.240833,Граница 4-го колена: вход 100 000 ₸; дальнейшие переводы неизвестны.
100000004840086100,peripheral,0.55,1,0.240833,Граница 4-го колена: вход 100 000 ₸; дальнейшие переводы неизвестны.
100000002214207100,peripheral,0.55,27,0.240121,Граница 4-го колена: вход 97 000 ₸; дальнейшие переводы неизвестны.
100000000600707100,peripheral,0.55,27,0.238188,Граница 4-го колена: вход 89 000 ₸; дальнейшие переводы неизвестны.
100000003125997100,peripheral,0.55,5,0.237881,Граница 4-го колена: вход 87 750 ₸; дальнейшие переводы неизвестны.
100000004601193100,peripheral,0.55,12,0.236952,Граница 4-го колена: вход 84 000 ₸; дальнейшие переводы неизвестны.
100000002516862100,peripheral,0.55,57,0.236379,Граница 4-го колена: вход 81 710 ₸; дальнейшие переводы неизвестны.
100000004673335100,peripheral,0.55,34,0.235948,Граница 4-го колена: вход 80 000 ₸; дальнейшие переводы неизвестны.
100000003345947100,peripheral,0.55,9,0.235822,Граница 4-го колена: вход 79 500 ₸; дальнейшие переводы неизвестны.
100000008778010100,peripheral,0.55,23,0.235174,Граница 4-го колена: вход 76 950 ₸; дальнейшие переводы неизвестны.
100000008703533100,peripheral,0.55,5,0.234674,Граница 4-го колена: вход 75 000 ₸; дальнейшие переводы неизвестны.
100000004500781100,peripheral,0.55,41,0.234416,Граница 4-го колена: вход 74 000 ₸; дальнейшие переводы неизвестны.
100000004030553100,peripheral,0.55,36,0.233377,Граница 4-го колена: вход 70 000 ₸; дальнейшие переводы неизвестны.
100000006257675100,peripheral,0.55,33,0.233377,Граница 4-го колена: вход 70 000 ₸; дальнейшие переводы неизвестны.
100000008027922100,peripheral,0.55,30,0.233377,Граница 4-го колена: вход 70 000 ₸; дальнейшие переводы неизвестны.
100000003133045100,peripheral,0.55,5,0.232852,Граница 4-го колена: вход 68 000 ₸; дальнейшие переводы неизвестны.
100000004747154100,peripheral,0.55,5,0.232588,Граница 4-го колена: вход 67 000 ₸; дальнейшие переводы неизвестны.
100000004066370100,peripheral,0.55,27,0.232058,Граница 4-го колена: вход 65 000 ₸; дальнейшие переводы неизвестны.
100000005979037100,peripheral,0.55,9,0.230796,Граница 4-го колена: вход 60 300 ₸; дальнейшие переводы неизвестны.
100000002242066100,peripheral,0.55,39,0.230714,Граница 4-го колена: вход 60 000 ₸; дальнейшие переводы неизвестны.
100000002404112100,peripheral,0.55,15,0.230714,Граница 4-го колена: вход 60 000 ₸; дальнейшие переводы неизвестны.
100000008757301100,peripheral,0.55,1,0.230279,Граница 4-го колена: вход 58 398 ₸; дальнейшие переводы неизвестны.
100000003247600100,peripheral,0.55,3,0.23017,Граница 4-го колена: вход 58 000 ₸; дальнейшие переводы неизвестны.
100000002217806100,peripheral,0.55,20,0.229347,Граница 4-го колена: вход 55 000 ₸; дальнейшие переводы неизвестны.
100000003097947100,peripheral,0.55,9,0.228787,Граница 4-го колена: вход 52 980 ₸; дальнейшие переводы неизвестны.
100000002713974100,peripheral,0.55,9,0.227955,Граница 4-го колена: вход 50 000 ₸; дальнейшие переводы неизвестны.
100000005189258100,peripheral,0.55,11,0.227955,Граница 4-го колена: вход 50 000 ₸; дальнейшие переводы неизвестны.
100000007749747100,peripheral,0.55,5,0.227955,Граница 4-го колена: вход 50 000 ₸; дальнейшие переводы неизвестны.
100000007811950100,peripheral,0.55,14,0.227955,Граница 4-го колена: вход 50 000 ₸; дальнейшие переводы неизвестны.
100000004549591100,peripheral,0.55,20,0.227673,Граница 4-го колена: вход 49 000 ₸; дальнейшие переводы неизвестны.
100000006527156100,peripheral,0.55,58,0.227532,Граница 4-го колена: вход 48 500 ₸; дальнейшие переводы неизвестны.
100000004584730100,peripheral,0.55,51,0.227107,Граница 4-го колена: вход 47 000 ₸; дальнейшие переводы неизвестны.
100000004674412100,peripheral,0.55,12,0.226822,Граница 4-го колена: вход 46 000 ₸; дальнейшие переводы неизвестны.
100000007539296100,peripheral,0.55,11,0.226822,Граница 4-го колена: вход 46 000 ₸; дальнейшие переводы неизвестны.
100000002706810100,peripheral,0.55,48,0.226537,Граница 4-го колена: вход 45 000 ₸; дальнейшие переводы неизвестны.
100000006381453100,peripheral,0.55,5,0.226537,Граница 4-го колена: вход 45 000 ₸; дальнейшие переводы неизвестны.
100000002371892100,peripheral,0.55,55,0.226201,Граница 4-го колена: вход 43 830 ₸; дальнейшие переводы неизвестны.
100000007867364100,peripheral,0.55,44,0.225631,Граница 4-го колена: вход 41 852 ₸; дальнейшие переводы неизвестны.
100000008680061100,peripheral,0.55,11,0.225471,Граница 4-го колена: вход 41 300 ₸; дальнейшие переводы неизвестны.
100000008331280100,peripheral,0.55,15,0.225384,Граница 4-го колена: вход 41 000 ₸; дальнейшие переводы неизвестны.
100000003289281100,peripheral,0.55,1,0.225093,Граница 4-го колена: вход 40 000 ₸; дальнейшие переводы неизвестны.
100000005636951100,peripheral,0.55,42,0.225093,Граница 4-го колена: вход 40 000 ₸; дальнейшие переводы неизвестны.
100000004979264100,peripheral,0.55,5,0.225034,Граница 4-го колена: вход 39 800 ₸; дальнейшие переводы неизвестны.
100000005079473100,peripheral,0.55,9,0.224892,Граница 4-го колена: вход 39 312 ₸; дальнейшие переводы неизвестны.
100000002700161100,peripheral,0.55,49,0.224801,Граница 4-го колена: вход 39 000 ₸; дальнейшие переводы неизвестны.
100000003684369100,distributor,0.85,3,0.224252,Признаки распределения: получателей — 62; выход 8 588 655 ₸. У seed входящие неполны.
100000005723580100,peripheral,0.55,5,0.223621,Граница 4-го колена: вход 35 000 ₸; дальнейшие переводы неизвестны.
100000008745676100,peripheral,0.55,23,0.223487,Граница 4-го колена: вход 34 547 ₸; дальнейшие переводы неизвестны.
100000000470237100,peripheral,0.55,16,0.222876,Граница 4-го колена: вход 32 500 ₸; дальнейшие переводы неизвестны.
100000008715513100,peripheral,0.55,48,0.222876,Граница 4-го колена: вход 32 500 ₸; дальнейшие переводы неизвестны.
100000008734279100,peripheral,0.55,9,0.22262,Граница 4-го колена: вход 31 650 ₸; дальнейшие переводы неизвестны.
100000002670463100,peripheral,0.55,48,0.222575,Граница 4-го колена: вход 31 500 ₸; дальнейшие переводы неизвестны.
100000004797167100,peripheral,0.55,36,0.222425,Граница 4-го колена: вход 31 000 ₸; дальнейшие переводы неизвестны.
100000006288612100,peripheral,0.55,8,0.222366,Граница 4-го колена: вход 30 805 ₸; дальнейшие переводы неизвестны.
100000000608031100,peripheral,0.55,29,0.222123,Граница 4-го колена: вход 30 000 ₸; дальнейшие переводы неизвестны.
100000002723674100,peripheral,0.55,33,0.222123,Граница 4-го колена: вход 30 000 ₸; дальнейшие переводы неизвестны.
100000003001138100,peripheral,0.55,16,0.222123,Граница 4-го колена: вход 30 000 ₸; дальнейшие переводы неизвестны.
100000004596284100,peripheral,0.55,17,0.222123,Граница 4-го колена: вход 30 000 ₸; дальнейшие переводы неизвестны.
100000005621418100,peripheral,0.55,15,0.222123,Граница 4-го колена: вход 30 000 ₸; дальнейшие переводы неизвестны.
100000006416061100,peripheral,0.55,1,0.222123,Граница 4-го колена: вход 30 000 ₸; дальнейшие переводы неизвестны.
100000008151098100,peripheral,0.55,15,0.222123,Граница 4-го колена: вход 30 000 ₸; дальнейшие переводы неизвестны.
100000008727982100,peripheral,0.55,42,0.222123,Граница 4-го колена: вход 30 000 ₸; дальнейшие переводы неизвестны.
100000003486846100,peripheral,0.55,17,0.22121,Граница 4-го колена: вход 27 000 ₸; дальнейшие переводы неизвестны.
100000005685783100,peripheral,0.55,23,0.220949,Граница 4-го колена: вход 26 150 ₸; дальнейшие переводы неизвестны.
100000005589319100,peripheral,0.55,3,0.220903,Граница 4-го колена: вход 26 000 ₸; дальнейшие переводы неизвестны.
100000000404740100,peripheral,0.55,14,0.220595,Граница 4-го колена: вход 25 000 ₸; дальнейшие переводы неизвестны.
100000001598625100,peripheral,0.55,9,0.220595,Граница 4-го колена: вход 25 000 ₸; дальнейшие переводы неизвестны.
100000002369454100,peripheral,0.55,9,0.220595,Граница 4-го колена: вход 25 000 ₸; дальнейшие переводы неизвестны.
100000000634341100,peripheral,0.55,1,0.220286,Граница 4-го колена: вход 24 000 ₸; дальнейшие переводы неизвестны.
100000004655046100,peripheral,0.55,19,0.220286,Граница 4-го колена: вход 24 000 ₸; дальнейшие переводы неизвестны.
100000003173783100,peripheral,0.55,34,0.220131,Граница 4-го колена: вход 23 500 ₸; дальнейшие переводы неизвестны.
100000008130868100,peripheral,0.55,25,0.219908,Граница 4-го колена: вход 22 782 ₸; дальнейшие переводы неизвестны.
100000004400480100,peripheral,0.55,25,0.219571,Граница 4-го колена: вход 21 700 ₸; дальнейшие переводы неизвестны.
100000000581662100,peripheral,0.55,25,0.219402,Граница 4-го колена: вход 21 160 ₸; дальнейшие переводы неизвестны.
100000004908173100,peripheral,0.55,5,0.219352,Граница 4-го колена: вход 21 000 ₸; дальнейшие переводы неизвестны.
100000001991973100,peripheral,0.55,48,0.21929,Граница 4-го колена: вход 20 800 ₸; дальнейшие переводы неизвестны.
100000004616845100,peripheral,0.55,45,0.219101,Граница 4-го колена: вход 20 200 ₸; дальнейшие переводы неизвестны.
100000001275557100,peripheral,0.55,30,0.219038,Граница 4-го колена: вход 20 000 ₸; дальнейшие переводы неизвестны.
100000002227989100,peripheral,0.55,33,0.219038,Граница 4-го колена: вход 20 000 ₸; дальнейшие переводы неизвестны.
100000002305477100,peripheral,0.55,33,0.219038,Граница 4-го колена: вход 20 000 ₸; дальнейшие переводы неизвестны.
100000002748511100,peripheral,0.55,17,0.219038,Граница 4-го колена: вход 20 000 ₸; дальнейшие переводы неизвестны.
100000003177533100,peripheral,0.55,9,0.219038,Граница 4-го колена: вход 20 000 ₸; дальнейшие переводы неизвестны.
100000004350094100,peripheral,0.55,44,0.219038,Граница 4-го колена: вход 20 000 ₸; дальнейшие переводы неизвестны.
100000004571634100,peripheral,0.55,12,0.219038,Граница 4-го колена: вход 20 000 ₸; дальнейшие переводы неизвестны.
100000004674178100,peripheral,0.55,14,0.219038,Граница 4-го колена: вход 20 000 ₸; дальнейшие переводы неизвестны.
100000004856746100,peripheral,0.55,63,0.219038,Граница 4-го колена: вход 20 000 ₸; дальнейшие переводы неизвестны.
100000005087923100,peripheral,0.55,42,0.219038,Граница 4-го колена: вход 20 000 ₸; дальнейшие переводы неизвестны.
100000006918814100,peripheral,0.55,3,0.219038,Граница 4-го колена: вход 20 000 ₸; дальнейшие переводы неизвестны.
100000008471634100,peripheral,0.55,14,0.219038,Граница 4-го колена: вход 20 000 ₸; дальнейшие переводы неизвестны.
100000008629504100,peripheral,0.55,1,0.219038,Граница 4-го колена: вход 20 000 ₸; дальнейшие переводы неизвестны.
100000002723439100,peripheral,0.55,54,0.218407,Граница 4-го колена: вход 18 000 ₸; дальнейшие переводы неизвестны.
100000008461217100,peripheral,0.55,49,0.218407,Граница 4-го колена: вход 18 000 ₸; дальнейшие переводы неизвестны.
100000002514975100,peripheral,0.55,15,0.218382,Граница 4-го колена: вход 17 920 ₸; дальнейшие переводы неизвестны.
100000004041294100,peripheral,0.55,14,0.218344,Граница 4-го колена: вход 17 800 ₸; дальнейшие переводы неизвестны.
100000005553088100,peripheral,0.55,9,0.218249,Граница 4-го колена: вход 17 500 ₸; дальнейшие переводы неизвестны.
100000003010908100,peripheral,0.55,19,0.21809,Граница 4-го колена: вход 17 000 ₸; дальнейшие переводы неизвестны.
100000008759795100,peripheral,0.55,48,0.21809,Граница 4-го колена: вход 17 000 ₸; дальнейшие переводы неизвестны.
100000006866831100,peripheral,0.55,1,0.217931,Граница 4-го колена: вход 16 500 ₸; дальнейшие переводы неизвестны.
100000001065481100,peripheral,0.55,13,0.217771,Граница 4-го колена: вход 16 000 ₸; дальнейшие переводы неизвестны.
100000006491963100,peripheral,0.55,48,0.217771,Граница 4-го колена: вход 16 000 ₸; дальнейшие переводы неизвестны.
100000004222274100,peripheral,0.55,1,0.217612,Граница 4-го колена: вход 15 500 ₸; дальнейшие переводы неизвестны.
100000000424935100,peripheral,0.55,16,0.217451,Граница 4-го колена: вход 15 000 ₸; дальнейшие переводы неизвестны.
100000002231144100,peripheral,0.55,33,0.217451,Граница 4-го колена: вход 15 000 ₸; дальнейшие переводы неизвестны.
100000002304943100,peripheral,0.55,33,0.217451,Граница 4-го колена: вход 15 000 ₸; дальнейшие переводы неизвестны.
100000002653187100,peripheral,0.55,8,0.217451,Граница 4-го колена: вход 15 000 ₸; дальнейшие переводы неизвестны.
100000002707106100,peripheral,0.55,41,0.217451,Граница 4-го колена: вход 15 000 ₸; дальнейшие переводы неизвестны.
100000004379306100,peripheral,0.55,9,0.217451,Граница 4-го колена: вход 15 000 ₸; дальнейшие переводы неизвестны.
100000004674389100,peripheral,0.55,12,0.217451,Граница 4-го колена: вход 15 000 ₸; дальнейшие переводы неизвестны.
100000006412162100,peripheral,0.55,48,0.217451,Граница 4-го колена: вход 15 000 ₸; дальнейшие переводы неизвестны.
100000003078839100,peripheral,0.55,9,0.21713,Граница 4-го колена: вход 14 000 ₸; дальнейшие переводы неизвестны.
100000008554390100,peripheral,0.55,48,0.21713,Граница 4-го колена: вход 14 000 ₸; дальнейшие переводы неизвестны.
100000004502048100,peripheral,0.55,44,0.217094,Граница 4-го колена: вход 13 888 ₸; дальнейшие переводы неизвестны.
100000002320495100,peripheral,0.55,29,0.216978,"Граница 4-го колена: вход 13 526,27 ₸; дальнейшие переводы неизвестны."
100000008677368100,peripheral,0.55,2,0.216969,Граница 4-го колена: вход 13 500 ₸; дальнейшие переводы неизвестны.
100000004691350100,peripheral,0.55,7,0.216905,Граница 4-го колена: вход 13 300 ₸; дальнейшие переводы неизвестны.
100000001089055100,peripheral,0.55,29,0.216808,Граница 4-го колена: вход 13 000 ₸; дальнейшие переводы неизвестны.
100000005849862100,peripheral,0.55,2,0.216808,Граница 4-го колена: вход 13 000 ₸; дальнейшие переводы неизвестны.
100000008631800100,peripheral,0.55,48,0.21676,Граница 4-го колена: вход 12 850 ₸; дальнейшие переводы неизвестны.
100000002832753100,peripheral,0.55,4,0.216646,Граница 4-го колена: вход 12 500 ₸; дальнейшие переводы неизвестны.
100000003047800100,peripheral,0.55,25,0.216553,Граница 4-го колена: вход 12 212 ₸; дальнейшие переводы неизвестны.
100000002645046100,peripheral,0.55,48,0.216484,Граница 4-го колена: вход 12 000 ₸; дальнейшие переводы неизвестны.
100000002876914100,peripheral,0.55,48,0.216484,Граница 4-го колена: вход 12 000 ₸; дальнейшие переводы неизвестны.
100000004780327100,peripheral,0.55,48,0.216484,Граница 4-го колена: вход 12 000 ₸; дальнейшие переводы неизвестны.
100000008327791100,peripheral,0.55,29,0.216159,Граница 4-го колена: вход 11 000 ₸; дальнейшие переводы неизвестны.
100000006693788100,peripheral,0.55,1,0.216083,Граница 4-го колена: вход 10 764 ₸; дальнейшие переводы неизвестны.
100000000299820100,peripheral,0.55,9,0.215833,Граница 4-го колена: вход 10 000 ₸; дальнейшие переводы неизвестны.
100000000704700100,peripheral,0.55,35,0.215833,Граница 4-го колена: вход 10 000 ₸; дальнейшие переводы неизвестны.
100000001202637100,peripheral,0.55,19,0.215833,Граница 4-го колена: вход 10 000 ₸; дальнейшие переводы неизвестны.
100000002130400100,peripheral,0.55,27,0.215833,Граница 4-го колена: вход 10 000 ₸; дальнейшие переводы неизвестны.
100000002227960100,peripheral,0.55,33,0.215833,Граница 4-го колена: вход 10 000 ₸; дальнейшие переводы неизвестны.
100000002540033100,peripheral,0.55,47,0.215833,Граница 4-го колена: вход 10 000 ₸; дальнейшие переводы неизвестны.
100000002726055100,peripheral,0.55,33,0.215833,Граница 4-го колена: вход 10 000 ₸; дальнейшие переводы неизвестны.
100000002999140100,peripheral,0.55,8,0.215833,Граница 4-го колена: вход 10 000 ₸; дальнейшие переводы неизвестны.
100000003105089100,peripheral,0.55,33,0.215833,Граница 4-го колена: вход 10 000 ₸; дальнейшие переводы неизвестны.
100000004049912100,peripheral,0.55,44,0.215833,Граница 4-го колена: вход 10 000 ₸; дальнейшие переводы неизвестны.
100000004177936100,peripheral,0.55,9,0.215833,Граница 4-го колена: вход 10 000 ₸; дальнейшие переводы неизвестны.
100000004260869100,peripheral,0.55,17,0.215833,Граница 4-го колена: вход 10 000 ₸; дальнейшие переводы неизвестны.
100000004265639100,peripheral,0.55,9,0.215833,Граница 4-го колена: вход 10 000 ₸; дальнейшие переводы неизвестны.
100000004272302100,peripheral,0.55,58,0.215833,Граница 4-го колена: вход 10 000 ₸; дальнейшие переводы неизвестны.
100000004780083100,peripheral,0.55,57,0.215833,Граница 4-го колена: вход 9 999 ₸; дальнейшие переводы неизвестны.
100000004850609100,peripheral,0.55,1,0.215833,Граница 4-го колена: вход 10 000 ₸; дальнейшие переводы неизвестны.
100000008778753100,peripheral,0.55,14,0.215833,Граница 4-го колена: вход 10 000 ₸; дальнейшие переводы неизвестны.
100000001325618100,peripheral,0.55,48,0.215604,Граница 4-го колена: вход 9 300 ₸; дальнейшие переводы неизвестны.
100000002258492100,peripheral,0.55,50,0.215506,Граница 4-го колена: вход 9 000 ₸; дальнейшие переводы неизвестны.
100000003481025100,peripheral,0.55,1,0.215506,Граница 4-го колена: вход 9 000 ₸; дальнейшие переводы неизвестны.
100000004263867100,peripheral,0.55,48,0.215506,Граница 4-го колена: вход 9 000 ₸; дальнейшие переводы неизвестны.
100000004449824100,peripheral,0.55,48,0.215506,Граница 4-го колена: вход 9 000 ₸; дальнейшие переводы неизвестны.
100000001256409100,peripheral,0.55,36,0.215177,Граница 4-го колена: вход 8 000 ₸; дальнейшие переводы неизвестны.
100000001299443100,peripheral,0.55,48,0.215177,Граница 4-го колена: вход 8 000 ₸; дальнейшие переводы неизвестны.
100000005367180100,peripheral,0.55,9,0.215078,Граница 4-го колена: вход 7 700 ₸; дальнейшие переводы неизвестны.
100000005010159100,peripheral,0.55,9,0.214878,Граница 4-го колена: вход 7 092 ₸; дальнейшие переводы неизвестны.
100000000018102100,peripheral,0.55,1,0.214847,Граница 4-го колена: вход 7 000 ₸; дальнейшие переводы неизвестны.
100000003005167100,peripheral,0.55,48,0.214847,Граница 4-го колена: вход 7 000 ₸; дальнейшие переводы неизвестны.
100000003950749100,peripheral,0.55,17,0.214847,Граница 4-го колена: вход 7 000 ₸; дальнейшие переводы неизвестны.
100000008762843100,peripheral,0.55,5,0.214847,Граница 4-го колена: вход 7 000 ₸; дальнейшие переводы неизвестны.
100000008762885100,peripheral,0.55,5,0.214847,Граница 4-го колена: вход 7 000 ₸; дальнейшие переводы неизвестны.
100000001714883100,peripheral,0.55,48,0.214814,Граница 4-го колена: вход 6 900 ₸; дальнейшие переводы неизвестны.
100000001297206100,peripheral,0.55,1,0.214767,Граница 4-го колена: вход 6 758 ₸; дальнейшие переводы неизвестны.
100000002474570100,peripheral,0.55,48,0.214764,Граница 4-го колена: вход 6 750 ₸; дальнейшие переводы неизвестны.
100000003084870100,peripheral,0.55,25,0.214682,Граница 4-го колена: вход 6 500 ₸; дальнейшие переводы неизвестны.
100000003194831100,peripheral,0.55,25,0.214604,Граница 4-го колена: вход 6 265 ₸; дальнейшие переводы неизвестны.
100000002512742100,peripheral,0.55,48,0.214516,Граница 4-го колена: вход 6 000 ₸; дальнейшие переводы неизвестны.
100000002878483100,peripheral,0.55,48,0.214516,Граница 4-го колена: вход 6 000 ₸; дальнейшие переводы неизвестны.
100000003838587100,peripheral,0.55,41,0.214516,Граница 4-го колена: вход 6 000 ₸; дальнейшие переводы неизвестны.
100000002986245100,peripheral,0.55,48,0.214433,Граница 4-го колена: вход 5 750 ₸; дальнейшие переводы неизвестны.
100000004377043100,peripheral,0.55,16,0.214416,Граница 4-го колена: вход 5 700 ₸; дальнейшие переводы неизвестны.
100000001498732100,peripheral,0.55,5,0.21435,Граница 4-го колена: вход 5 500 ₸; дальнейшие переводы неизвестны.
100000004013952100,peripheral,0.55,1,0.21435,Граница 4-го колена: вход 5 500 ₸; дальнейшие переводы неизвестны.
100000004268036100,peripheral,0.55,48,0.21435,Граница 4-го колена: вход 5 500 ₸; дальнейшие переводы неизвестны.
100000004569637100,peripheral,0.55,9,0.21435,Граница 4-го колена: вход 5 500 ₸; дальнейшие переводы неизвестны.
100000005146665100,peripheral,0.55,45,0.21435,Граница 4-го колена: вход 5 500 ₸; дальнейшие переводы неизвестны.
100000005293969100,peripheral,0.55,1,0.214339,"Граница 4-го колена: вход 5 466,97 ₸; дальнейшие переводы неизвестны."
100000008255655100,peripheral,0.55,29,0.214316,Граница 4-го колена: вход 5 400 ₸; дальнейшие переводы неизвестны.
100000002635746100,peripheral,0.55,48,0.214283,Граница 4-го колена: вход 5 300 ₸; дальнейшие переводы неизвестны.
100000008648783100,peripheral,0.55,48,0.21425,Граница 4-го колена: вход 5 200 ₸; дальнейшие переводы неизвестны.
100000005910895100,peripheral,0.55,54,0.214216,Граница 4-го колена: вход 5 100 ₸; дальнейшие переводы неизвестны.
100000001590795100,peripheral,0.55,48,0.214203,Граница 4-го колена: вход 5 060 ₸; дальнейшие переводы неизвестны.
100000000581682100,peripheral,0.55,16,0.214183,Граница 4-го колена: вход 5 000 ₸; дальнейшие переводы неизвестны.
100000002994441100,peripheral,0.55,9,0.214183,Граница 4-го колена: вход 5 000 ₸; дальнейшие переводы неизвестны.
100000003626268100,peripheral,0.55,9,0.214183,Граница 4-го колена: вход 5 000 ₸; дальнейшие переводы неизвестны.
100000003646145100,peripheral,0.55,43,0.214183,Граница 4-го колена: вход 5 000 ₸; дальнейшие переводы неизвестны.
100000004403548100,peripheral,0.55,9,0.214183,Граница 4-го колена: вход 5 000 ₸; дальнейшие переводы неизвестны.
100000005370558100,peripheral,0.55,1,0.214183,Граница 4-го колена: вход 5 000 ₸; дальнейшие переводы неизвестны.
100000008649416100,peripheral,0.55,29,0.214183,Граница 4-го колена: вход 5 000 ₸; дальнейшие переводы неизвестны.
100000008762005100,peripheral,0.55,5,0.214183,Граница 4-го колена: вход 5 000 ₸; дальнейшие переводы неизвестны.
100000005382566100,peripheral,0.7,50,0.213299,"Исходный клиент: 7 входящих, 1 исходящих связей; входящая выборка неполна."
100000006866783100,distributor,0.85,1,0.186515,Признаки распределения: получателей — 67; выход 3 948 037 ₸. У seed входящие неполны.
100000008637537100,peripheral,0.7,52,0.17752,"Исходный клиент: 3 входящих, 3 исходящих связей; входящая выборка неполна."
100000003016635100,distributor,0.85,17,0.16589,Признаки распределения: получателей — 73; выход 9 414 081 ₸. У seed входящие неполны.
100000004007116100,peripheral,0.7,35,0.165583,"Исходный клиент: 3 входящих, 4 исходящих связей; входящая выборка неполна."
100000001732159100,peripheral,0.7,52,0.152207,"Исходный клиент: 2 входящих, 4 исходящих связей; входящая выборка неполна."
100000001616816100,peripheral,0.7,42,0.147795,"Исходный клиент: 5 входящих, 3 исходящих связей; входящая выборка неполна."
100000008601794100,peripheral,0.65,40,0.147218,"Исходный клиент: 2 входящих, 1 исходящих связей; входящая выборка неполна."
100000000343175100,distributor,0.85,12,0.139277,Признаки распределения: получателей — 31; выход 4 000 039 ₸. У seed входящие неполны.
100000008314203100,peripheral,0.7,52,0.125357,"Исходный клиент: 2 входящих, 2 исходящих связей; входящая выборка неполна."
100000008571433100,peripheral,0.7,59,0.124318,"Исходный клиент: 2 входящих, 2 исходящих связей; входящая выборка неполна."
100000008418835100,peripheral,0.7,4,0.110791,"Исходный клиент: 1 входящих, 4 исходящих связей; входящая выборка неполна."
100000008659445100,peripheral,0.7,10,0.110714,"Исходный клиент: 3 входящих, 4 исходящих связей; входящая выборка неполна."
100000005519347100,peripheral,0.65,17,0.110255,"Исходный клиент: 2 входящих, 1 исходящих связей; входящая выборка неполна."
100000005386383100,peripheral,0.65,50,0.104477,"Исходный клиент: 2 входящих, 1 исходящих связей; входящая выборка неполна."
100000004019124100,peripheral,0.65,17,0.10285,"Исходный клиент: 3 входящих, 0 исходящих связей; входящая выборка неполна."
100000008516839100,peripheral,0.65,50,0.098664,"Исходный клиент: 3 входящих, 0 исходящих связей; входящая выборка неполна."
100000002527114100,distributor,0.85,23,0.096081,Признаки распределения: получателей — 111; выход 3 289 249 ₸. У seed входящие неполны.
100000005523088100,peripheral,0.55,50,0.095833,"Исходный клиент: 1 входящих, 0 исходящих связей; входящая выборка неполна."
100000008650785100,peripheral,0.7,17,0.094806,"Исходный клиент: 2 входящих, 2 исходящих связей; входящая выборка неполна."
100000005668605100,peripheral,0.65,50,0.090896,"Исходный клиент: 3 входящих, 0 исходящих связей; входящая выборка неполна."
100000003977183100,peripheral,0.7,42,0.090063,"Исходный клиент: 2 входящих, 4 исходящих связей; входящая выборка неполна."
100000005493505100,peripheral,0.65,13,0.086035,"Исходный клиент: 3 входящих, 0 исходящих связей; входящая выборка неполна."
100000000580561100,peripheral,0.7,24,0.083857,"Исходный клиент: 2 входящих, 3 исходящих связей; входящая выборка неполна."
100000005409680100,peripheral,0.6,44,0.06992,"Исходный клиент: 2 входящих, 0 исходящих связей; входящая выборка неполна."
100000005454368100,peripheral,0.6,13,0.068859,"Исходный клиент: 2 входящих, 0 исходящих связей; входящая выборка неполна."
100000006232815100,distributor,0.686531,28,0.061742,Признаки распределения: получателей — 5; выход 296 500 ₸. У seed входящие неполны.
100000008673001100,peripheral,0.55,50,0.051293,"Исходный клиент: 1 входящих, 0 исходящих связей; входящая выборка неполна."
100000004041163100,peripheral,0.65,50,0.046591,"Исходный клиент: 1 входящих, 2 исходящих связей; входящая выборка неполна."
100000004193835100,peripheral,0.6,17,0.046092,"Исходный клиент: 1 входящих, 1 исходящих связей; входящая выборка неполна."
100000008738325100,peripheral,0.6,50,0.044312,"Исходный клиент: 1 входящих, 1 исходящих связей; входящая выборка неполна."
100000001415126100,peripheral,0.55,50,0.042623,"Исходный клиент: 1 входящих, 0 исходящих связей; входящая выборка неполна."
100000001429930100,peripheral,0.55,13,0.042443,"Исходный клиент: 1 входящих, 0 исходящих связей; входящая выборка неполна."
100000003975102100,peripheral,0.65,17,0.04238,"Исходный клиент: 1 входящих, 2 исходящих связей; входящая выборка неполна."
100000004971871100,peripheral,0.6,53,0.042334,"Исходный клиент: 1 входящих, 1 исходящих связей; входящая выборка неполна."
100000005370580100,peripheral,0.55,13,0.042094,"Исходный клиент: 1 входящих, 0 исходящих связей; входящая выборка неполна."
100000005264990100,peripheral,0.65,50,0.040801,"Исходный клиент: 1 входящих, 2 исходящих связей; входящая выборка неполна."
100000005395727100,peripheral,0.55,4,0.040788,"Исходный клиент: 1 входящих, 0 исходящих связей; входящая выборка неполна."
100000000456947100,peripheral,0.5,18,0.0,"Исходный клиент: 0 входящих, 0 исходящих связей; входящая выборка неполна."
100000002916006100,peripheral,0.55,50,0.0,"Исходный клиент: 0 входящих, 1 исходящих связей; входящая выборка неполна."
100000003200071100,peripheral,0.55,62,0.0,"Исходный клиент: 0 входящих, 1 исходящих связей; входящая выборка неполна."
100000003265658100,peripheral,0.5,64,0.0,"Исходный клиент: 0 входящих, 0 исходящих связей; входящая выборка неполна."
100000003349739100,peripheral,0.5,65,0.0,"Исходный клиент: 0 входящих, 0 исходящих связей; входящая выборка неполна."
100000003770083100,peripheral,0.5,68,0.0,"Исходный клиент: 0 входящих, 0 исходящих связей; входящая выборка неполна."
100000004021459100,peripheral,0.5,70,0.0,"Исходный клиент: 0 входящих, 0 исходящих связей; входящая выборка неполна."
100000004174835100,peripheral,0.5,73,0.0,"Исходный клиент: 0 входящих, 0 исходящих связей; входящая выборка неполна."
100000004269433100,peripheral,0.55,4,0.0,"Исходный клиент: 0 входящих, 1 исходящих связей; входящая выборка неполна."
100000004358004100,distributor,0.761503,3,0.0,Признаки распределения: получателей — 11; выход 980 850 ₸. У seed входящие неполны.
100000004388983100,peripheral,0.6,74,0.0,"Исходный клиент: 0 входящих, 2 исходящих связей; входящая выборка неполна."
100000004714705100,peripheral,0.55,50,0.0,"Исходный клиент: 0 входящих, 1 исходящих связей; входящая выборка неполна."
100000004723755100,peripheral,0.55,3,0.0,"Исходный клиент: 0 входящих, 1 исходящих связей; входящая выборка неполна."
100000004813068100,peripheral,0.65,22,0.0,"Исходный клиент: 0 входящих, 3 исходящих связей; входящая выборка неполна."
100000005017150100,peripheral,0.5,76,0.0,"Исходный клиент: 0 входящих, 0 исходящих связей; входящая выборка неполна."
100000005087431100,peripheral,0.5,77,0.0,"Исходный клиент: 0 входящих, 0 исходящих связей; входящая выборка неполна."
100000005235389100,peripheral,0.5,78,0.0,"Исходный клиент: 0 входящих, 0 исходящих связей; входящая выборка неполна."
100000005392290100,peripheral,0.55,69,0.0,"Исходный клиент: 0 входящих, 1 исходящих связей; входящая выборка неполна."
100000005417257100,peripheral,0.6,50,0.0,"Исходный клиент: 0 входящих, 2 исходящих связей; входящая выборка неполна."
100000005480435100,peripheral,0.5,79,0.0,"Исходный клиент: 0 входящих, 0 исходящих связей; входящая выборка неполна."
100000005485830100,distributor,0.684631,56,0.0,Признаки распределения: получателей — 5; выход 275 885 ₸. У seed входящие неполны.
100000005495722100,peripheral,0.5,80,0.0,"Исходный клиент: 0 входящих, 0 исходящих связей; входящая выборка неполна."
100000005498992100,distributor,0.804596,5,0.0,Признаки распределения: получателей — 16; выход 2 262 868 ₸. У seed входящие неполны.
100000005543136100,peripheral,0.55,13,0.0,"Исходный клиент: 0 входящих, 1 исходящих связей; входящая выборка неполна."
100000005550592100,peripheral,0.5,81,0.0,"Исходный клиент: 0 входящих, 0 исходящих связей; входящая выборка неполна."
100000005560900100,peripheral,0.5,82,0.0,"Исходный клиент: 0 входящих, 0 исходящих связей; входящая выборка неполна."
100000005568407100,peripheral,0.5,83,0.0,"Исходный клиент: 0 входящих, 0 исходящих связей; входящая выборка неполна."
100000005744674100,peripheral,0.55,50,0.0,"Исходный клиент: 0 входящих, 1 исходящих связей; входящая выборка неполна."
100000006249740100,peripheral,0.65,84,0.0,"Исходный клиент: 0 входящих, 3 исходящих связей; входящая выборка неполна."
100000006831291100,peripheral,0.55,84,0.0,"Исходный клиент: 0 входящих, 1 исходящих связей; входящая выборка неполна."
100000007018630100,peripheral,0.55,38,0.0,"Исходный клиент: 0 входящих, 1 исходящих связей; входящая выборка неполна."
100000007747786100,distributor,0.85,2,0.0,"Признаки распределения: получателей — 31; выход 4 238 009,4 ₸. У seed входящие неполны."
100000007982728100,distributor,0.725835,42,0.0,Признаки распределения: получателей — 8; выход 1 804 384 ₸. У seed входящие неполны.
100000008117324100,peripheral,0.5,87,0.0,"Исходный клиент: 0 входящих, 0 исходящих связей; входящая выборка неполна."
100000008205000100,peripheral,0.5,88,0.0,"Исходный клиент: 0 входящих, 0 исходящих связей; входящая выборка неполна."
100000008513251100,peripheral,0.5,89,0.0,"Исходный клиент: 0 входящих, 0 исходящих связей; входящая выборка неполна."
100000008522127100,peripheral,0.55,60,0.0,"Исходный клиент: 0 входящих, 1 исходящих связей; входящая выборка неполна."
100000008575624100,peripheral,0.65,72,0.0,"Исходный клиент: 0 входящих, 3 исходящих связей; входящая выборка неполна."
100000008654653100,peripheral,0.55,17,0.0,"Исходный клиент: 0 входящих, 1 исходящих связей; входящая выборка неполна."
100000008669037100,peripheral,0.5,90,0.0,"Исходный клиент: 0 входящих, 0 исходящих связей; входящая выборка неполна."
100000008680731100,distributor,0.85,8,0.0,Признаки распределения: получателей — 27; выход 1 464 354 ₸. У seed входящие неполны.
100000008701222100,peripheral,0.5,91,0.0,"Исходный клиент: 0 входящих, 0 исходящих связей; входящая выборка неполна."
